-- --------------------------------------------------------
-- Host:                         127.0.0.1
-- Versión del servidor:         5.5.8 - MySQL Community Server (GPL)
-- SO del servidor:              Win32
-- HeidiSQL Versión:             8.3.0.4694
-- --------------------------------------------------------

/*!40101 SET @OLD_CHARACTER_SET_CLIENT=@@CHARACTER_SET_CLIENT */;
/*!40101 SET NAMES utf8 */;
/*!40014 SET @OLD_FOREIGN_KEY_CHECKS=@@FOREIGN_KEY_CHECKS, FOREIGN_KEY_CHECKS=0 */;
/*!40101 SET @OLD_SQL_MODE=@@SQL_MODE, SQL_MODE='NO_AUTO_VALUE_ON_ZERO' */;

-- Volcando estructura para tabla ambrosia.clientes
CREATE TABLE IF NOT EXISTS `clientes` (
  `ClienteId` int(11) NOT NULL AUTO_INCREMENT,
  `NombreComercial` varchar(100) COLLATE latin1_spanish_ci DEFAULT NULL,
  `NombreFiscal` varchar(100) COLLATE latin1_spanish_ci DEFAULT NULL,
  `Direccion` varchar(200) COLLATE latin1_spanish_ci DEFAULT NULL,
  `NIF` varchar(10) COLLATE latin1_spanish_ci DEFAULT NULL,
  `Mobil` varchar(15) COLLATE latin1_spanish_ci DEFAULT NULL,
  `Fijo` varchar(15) COLLATE latin1_spanish_ci DEFAULT NULL,
  PRIMARY KEY (`ClienteId`)
) ENGINE=InnoDB AUTO_INCREMENT=15 DEFAULT CHARSET=latin1 COLLATE=latin1_spanish_ci;

-- Volcando datos para la tabla ambrosia.clientes: ~7 rows (aproximadamente)
/*!40000 ALTER TABLE `clientes` DISABLE KEYS */;
INSERT INTO `clientes` (`ClienteId`, `NombreComercial`, `NombreFiscal`, `Direccion`, `NIF`, `Mobil`, `Fijo`) VALUES
	(5, 'Cliente 5', 'Cliente 5', 'Direccion 5', '26345678U', '609987654', '952345678'),
	(6, 'Cliente 6', 'Cliente 6', 'Direccion 6', '27345678H', '608362514', '952345345'),
	(7, 'Cliente 7', 'Cliente 7', 'Direccion 7', '27345543N', '609876543', '952473625'),
	(8, 'Cliente 8', 'Cliente 8', 'Direccion 8', '27165432H', '608987654', '952364758'),
	(9, 'Cliente 9', 'Cliente 9', 'Direccion 9', '27765432-L', '607987654', '952345678'),
	(11, 'Cliente 11', 'Cliente 11', 'Direccion 11', '27345678-K', '609876543', '952364567'),
	(12, 'Cliente 12', 'Cliente 12', 'Direccion 12', '27345678-K', '607987654', '952475673'),
	(14, 'Cliente 13', 'Cliente 13', 'Direccion 13', '27365432-J', '608987654', '931263748');
/*!40000 ALTER TABLE `clientes` ENABLE KEYS */;


-- Volcando estructura para tabla ambrosia.detafact
CREATE TABLE IF NOT EXISTS `detafact` (
  `FacturaId` bigint(20) unsigned NOT NULL DEFAULT '0',
  `Unidades` smallint(6) NOT NULL DEFAULT '0',
  `Descripcion` varchar(100) COLLATE latin1_spanish_ci NOT NULL DEFAULT '',
  `Precio` decimal(10,2) NOT NULL DEFAULT '0.00',
  `Impuesto` decimal(10,2) NOT NULL DEFAULT '0.00',
  `ImpEnFac` tinyint(4) NOT NULL DEFAULT '1',
  `LoteId` bigint(20) NOT NULL DEFAULT '0',
  `TabLevel` tinyint(4) NOT NULL DEFAULT '1',
  KEY `FacturaId` (`FacturaId`),
  KEY `LoteId` (`LoteId`)
) ENGINE=InnoDB DEFAULT CHARSET=latin1 COLLATE=latin1_spanish_ci;

-- Volcando datos para la tabla ambrosia.detafact: ~660 rows (aproximadamente)
/*!40000 ALTER TABLE `detafact` DISABLE KEYS */;
INSERT INTO `detafact` (`FacturaId`, `Unidades`, `Descripcion`, `Precio`, `Impuesto`, `ImpEnFac`, `LoteId`, `TabLevel`) VALUES
	(3, 0, '', 0.00, 0.00, 1, 0, 1),
	(3, 0, '', 0.00, 0.00, 1, 0, 1),
	(3, 0, '', 0.00, 0.00, 1, 0, 1),
	(4, 4, '', 0.00, 0.00, 1, 0, 1),
	(4, 5, '', 0.00, 0.00, 1, 0, 1),
	(4, 6, '', 0.00, 0.00, 1, 0, 1),
	(6, 1, 'Menu del Dia', 0.00, 0.00, 1, 0, 1),
	(6, 1, 'Flan de la Casa', 0.00, 0.00, 1, 0, 1),
	(6, 1, 'Cafe con leche', 0.00, 0.00, 1, 0, 1),
	(8, 1, 'Menu del Dia', 10.00, 0.00, 1, 0, 1),
	(8, 1, 'Flan de la Casa', 3.00, 0.00, 1, 0, 1),
	(10, 1, 'Menu del Dia', 10.00, 7.00, 1, 0, 1),
	(10, 1, 'Flan de la Casa', 3.00, 10.00, 1, 0, 1),
	(10, 1, 'Cafe con leche', 2.00, 10.00, 1, 0, 1),
	(11, 1, 'Menu del Dia', 10.00, 7.00, 0, 0, 1),
	(11, 1, 'Primeros Menus', 0.00, 0.00, 0, 0, 1),
	(11, 1, 'Segundos Menus', 0.00, 0.00, 0, 0, 1),
	(12, 1, 'Menu del Dia', 10.00, 7.00, 1, 0, 1),
	(12, 1, 'Primeros Menus', 0.00, 0.00, 0, 0, 1),
	(12, 1, 'Segundos Menus', 0.00, 0.00, 1, 0, 1),
	(14, 1, 'Menu del Dia', 10.00, 7.00, 1, 24, 1),
	(14, 1, 'Primeros Menus', 0.00, 0.00, 0, 24, 1),
	(14, 1, 'Segundos Menus', 0.00, 0.00, 1, 24, 1),
	(14, 1, 'Pollo Asado', 0.00, 0.00, 0, 24, 1),
	(15, 1, 'Menu del Dia', 10.00, 7.00, 1, 25, 1),
	(16, 1, 'Menu del Dia', 10.00, 7.00, 1, 28, 1),
	(17, 1, 'Menu del Dia', 10.00, 7.00, 1, 29, 1),
	(18, 1, 'Menu del Dia', 10.00, 7.00, 1, 34, 1),
	(19, 1, 'Menu del Dia', 10.00, 7.00, 1, 35, 1),
	(20, 1, 'Menu del Dia', 10.00, 7.00, 1, 36, 1),
	(21, 1, 'Menu del Dia', 10.00, 7.00, 1, 37, 1),
	(22, 1, 'Menu del Dia', 10.00, 7.00, 1, 38, 1),
	(22, 1, 'Menu del Dia', 10.00, 7.00, 1, 40, 1),
	(1, 2, 'Flan de la Casa', 3.00, 10.00, 1, 42, 1),
	(1, 2, 'Flan de la Casa', 3.00, 10.00, 1, 42, 1),
	(1, 2, 'Flan de la Casa', 3.00, 10.00, 1, 42, 1),
	(23, 1, 'Cafe con leche', 2.00, 10.00, 1, 44, 1),
	(23, 1, 'Cafe con leche', 2.00, 10.00, 1, 44, 1),
	(23, 1, 'Canna ', 1.00, 10.00, 1, 45, 1),
	(23, 1, 'Gyn tonyc', 3.00, 10.00, 1, 45, 1),
	(23, 1, 'Bt San Miguel', 2.00, 10.00, 1, 45, 1),
	(24, 1, 'Chuletas Cerdo', 12.00, 10.00, 1, 46, 1),
	(24, 1, 'Chuletas Cerdo', 12.00, 10.00, 1, 46, 1),
	(6, 1, 'Menu del Dia', 10.00, 7.00, 1, 47, 1),
	(6, 1, 'Flan de la Casa', 3.00, 10.00, 1, 47, 1),
	(6, 1, 'Flan de la Casa', 3.00, 10.00, 1, 48, 1),
	(6, 1, 'Extra Nata', 0.00, 10.00, 0, 48, 1),
	(6, 1, 'Flan de la Casa', 3.00, 10.00, 1, 49, 1),
	(6, 1, 'Extra Nata', 0.00, 10.00, 0, 49, 1),
	(6, 1, 'Menu del Dia', 10.00, 7.00, 1, 49, 1),
	(6, 1, 'Menu del Dia', 10.00, 7.00, 1, 50, 1),
	(6, 1, 'Primeros Menus', 0.00, 0.00, 0, 50, 1),
	(6, 1, 'Ensalada Mixta', 0.00, 0.00, 0, 50, 1),
	(25, 1, 'Menu del Dia', 10.00, 7.00, 1, 51, 1),
	(25, 1, 'Primeros Menus', 0.00, 0.00, 0, 51, 1),
	(25, 1, 'Ensalada Mixta', 0.00, 0.00, 0, 51, 1),
	(25, 1, 'Segundos Menus', 0.00, 0.00, 1, 51, 1),
	(25, 1, 'Calamares', 8.00, 10.00, 1, 51, 1),
	(25, 1, 'Helado triple sabor', 2.00, 10.00, 1, 51, 1),
	(25, 1, 'Birutas de almendra', 0.00, 0.00, 0, 51, 1),
	(25, 1, 'Bt San Miguel', 2.00, 10.00, 1, 51, 1),
	(6, 1, 'Menu del Dia', 10.00, 7.00, 1, 52, 1),
	(6, 1, 'Primeros Menus', 0.00, 0.00, 0, 52, 1),
	(6, 1, 'Ensalada Mixta', 0.00, 0.00, 0, 52, 1),
	(6, 1, 'Flan de la Casa', 3.00, 10.00, 1, 52, 1),
	(6, 1, 'Helado triple sabor', 2.00, 10.00, 1, 52, 1),
	(6, 1, 'Birutas de almendra', 0.00, 0.00, 0, 52, 1),
	(6, 1, 'Chuletas Cerdo', 12.00, 10.00, 1, 52, 1),
	(6, 1, 'Menu del Dia', 10.00, 7.00, 1, 52, 1),
	(6, 1, 'Primeros Menus', 0.00, 0.00, 0, 52, 1),
	(6, 1, 'Ensalada Mixta', 0.00, 0.00, 0, 52, 1),
	(6, 1, 'Menu del Dia', 10.00, 7.00, 1, 53, 1),
	(6, 1, 'Primeros Menus', 0.00, 0.00, 0, 53, 1),
	(6, 1, 'Ensalada Mixta', 0.00, 0.00, 0, 53, 1),
	(6, 1, 'Menu del Dia', 10.00, 7.00, 1, 53, 1),
	(6, 1, 'Flan de la Casa', 3.00, 10.00, 1, 53, 1),
	(6, 1, 'Extra Nata', 0.00, 10.00, 0, 53, 1),
	(6, 1, 'Cafe con leche', 2.00, 10.00, 1, 53, 1),
	(6, 1, 'Taza', 0.00, 0.00, 0, 53, 1),
	(6, 1, 'Menu del Dia', 10.00, 7.00, 1, 54, 1),
	(6, 1, 'Menu del Dia', 10.00, 7.00, 1, 54, 1),
	(6, 1, 'Menu del Dia', 10.00, 7.00, 1, 54, 1),
	(6, 1, 'Menu del Dia', 10.00, 7.00, 1, 54, 1),
	(6, 1, 'Menu del Dia', 10.00, 7.00, 1, 54, 1),
	(6, 1, 'Menu del Dia', 10.00, 7.00, 1, 54, 1),
	(6, 1, 'Menu del Dia', 10.00, 7.00, 1, 54, 1),
	(6, 1, 'Menu del Dia', 10.00, 7.00, 1, 54, 1),
	(6, 1, 'Menu del Dia', 10.00, 7.00, 1, 54, 1),
	(6, 1, 'Menu del Dia', 10.00, 7.00, 1, 54, 1),
	(6, 1, 'Menu del Dia', 10.00, 7.00, 1, 54, 1),
	(6, 1, 'Menu del Dia', 10.00, 7.00, 1, 54, 1),
	(6, 1, 'Menu del Dia', 10.00, 7.00, 1, 54, 1),
	(6, 1, 'Menu del Dia', 10.00, 7.00, 1, 54, 1),
	(26, 1, 'Menu del Dia', 10.00, 7.00, 1, 55, 1),
	(27, 1, 'Flan de la Casa', 3.00, 10.00, 1, 56, 1),
	(27, 1, 'Menu del Dia', 10.00, 7.00, 1, 57, 1),
	(6, 1, 'Menu del Dia', 10.00, 7.00, 1, 58, 1),
	(6, 1, 'Flan de la Casa', 3.00, 10.00, 1, 58, 1),
	(6, 1, 'Extra Nata', 0.00, 10.00, 0, 58, 1),
	(6, 1, 'Cafe con leche', 2.00, 10.00, 1, 58, 1),
	(28, 1, 'Flan de la Casa', 3.00, 10.00, 1, 59, 1),
	(28, 1, 'Extra Nata', 0.00, 10.00, 0, 59, 1),
	(11, 1, 'Menu del Dia', 10.00, 7.00, 1, 60, 1),
	(11, 4, 'Primeros Menus', 0.00, 0.00, 0, 60, 1),
	(11, 1, 'Ensalada Mixta', 0.00, 0.00, 0, 60, 1),
	(11, 1, 'Ensalada Mixta', 0.00, 0.00, 0, 60, 1),
	(11, 1, 'Ensalada Mixta', 0.00, 0.00, 0, 60, 1),
	(11, 1, 'Ensalada Mixta', 0.00, 0.00, 0, 60, 1),
	(6, 1, 'Menu del Dia', 10.00, 7.00, 1, 61, 1),
	(6, 1, 'Cafe con leche', 2.00, 10.00, 1, 61, 1),
	(27, 1, 'Menu del Dia', 10.00, 7.00, 1, 62, 1),
	(27, 1, 'Flan de la Casa', 3.00, 10.00, 1, 62, 1),
	(27, 1, 'Cafe con leche', 2.00, 10.00, 1, 62, 1),
	(27, 1, 'Menu del Dia', 10.00, 7.00, 1, 63, 1),
	(27, 1, 'Flan de la Casa', 3.00, 10.00, 1, 63, 1),
	(6, 1, 'Flan de la Casa', 3.00, 10.00, 1, 64, 1),
	(6, 1, 'Cafe con leche', 2.00, 10.00, 1, 64, 1),
	(29, 1, 'Menu del Dia', 10.00, 7.00, 1, 66, 1),
	(29, 1, 'Primeros Menus', 0.00, 0.00, 0, 66, 2),
	(29, 1, 'Ensalada Mixta', 0.00, 0.00, 0, 66, 3),
	(30, 1, 'Flan de la Casa', 3.00, 10.00, 1, 67, 1),
	(30, 1, 'Extra Nata', 0.00, 10.00, 0, 67, 2),
	(30, 1, 'Cafe con leche', 2.00, 10.00, 1, 67, 1),
	(30, 4, 'Menu del Dia', 10.00, 7.00, 1, 67, 1),
	(30, 4, 'Primeros Menus', 0.00, 0.00, 0, 67, 2),
	(30, 2, 'Ensalada Mixta', 0.00, 0.00, 0, 67, 3),
	(30, 2, 'Sopa de Verduras', 0.00, 0.00, 0, 67, 3),
	(11, 1, 'Cafe con leche', 2.00, 10.00, 1, 68, 1),
	(11, 1, 'Menu del Dia', 10.00, 7.00, 1, 69, 1),
	(11, 1, 'Menu del Dia', 10.00, 7.00, 1, 70, 1),
	(11, 1, 'Menu del Dia', 10.00, 7.00, 1, 71, 1),
	(11, 1, 'Menu del Dia', 10.00, 7.00, 1, 72, 1),
	(11, 1, 'Primeros Menus', 0.00, 0.00, 0, 72, 2),
	(11, 1, 'Ensalada Mixta', 0.00, 0.00, 0, 72, 3),
	(11, 1, 'Segundos Menus', 0.00, 0.00, 1, 72, 2),
	(11, 1, 'Sardinas', 6.00, 10.00, 1, 72, 3),
	(11, 1, 'Menu del Dia', 10.00, 7.00, 1, 73, 1),
	(11, 1, 'Primeros Menus', 0.00, 0.00, 0, 73, 2),
	(11, 1, 'Ensalada Mixta', 0.00, 0.00, 0, 73, 3),
	(24, 1, 'Menu del Dia', 10.00, 7.00, 1, 74, 1),
	(24, 1, 'Primeros Menus', 0.00, 0.00, 0, 74, 2),
	(24, 1, 'Ensalada Mixta', 0.00, 0.00, 0, 74, 3),
	(19, 1, 'Menu del Dia', 10.00, 7.00, 1, 75, 1),
	(19, 1, 'Menu del Dia', 10.00, 7.00, 1, 76, 1),
	(19, 1, 'Primeros Menus', 0.00, 0.00, 0, 76, 2),
	(19, 1, 'Ensalada Mixta', 0.00, 0.00, 0, 76, 3),
	(19, 1, 'Menu del Dia', 10.00, 7.00, 1, 77, 1),
	(19, 1, 'Menu del Dia', 10.00, 7.00, 1, 78, 1),
	(19, 1, 'Primeros Menus', 0.00, 0.00, 0, 78, 2),
	(19, 1, 'Ensalada Mixta', 0.00, 0.00, 0, 78, 3),
	(19, 1, 'Menu del Dia', 10.00, 7.00, 1, 79, 1),
	(19, 1, 'Primeros Menus', 0.00, 0.00, 0, 79, 2),
	(19, 1, 'Ensalada Mixta', 0.00, 0.00, 0, 79, 3),
	(11, 1, 'Menu del Dia', 10.00, 7.00, 1, 80, 1),
	(19, 1, 'Menu del Dia', 10.00, 7.00, 1, 81, 1),
	(8, 1, 'Menu del Dia', 10.00, 7.00, 1, 82, 1),
	(31, 1, 'Menu del Dia', 10.00, 7.00, 1, 83, 1),
	(8, 1, 'Menu del Dia', 10.00, 7.00, 1, 84, 1),
	(32, 1, 'Menu del Dia', 10.00, 7.00, 1, 85, 1),
	(8, 1, 'Menu del Dia', 10.00, 7.00, 1, 86, 1),
	(31, 1, 'Menu del Dia', 10.00, 7.00, 1, 87, 1),
	(8, 1, 'Menu del Dia', 10.00, 7.00, 1, 88, 1),
	(32, 1, 'Menu del Dia', 10.00, 7.00, 1, 89, 1),
	(8, 1, 'Menu del Dia', 10.00, 7.00, 1, 90, 1),
	(8, 1, 'Menu del Dia', 10.00, 7.00, 1, 91, 1),
	(33, 1, 'Menu del Dia', 10.00, 7.00, 1, 92, 1),
	(34, 1, 'Menu del Dia', 10.00, 7.00, 1, 93, 1),
	(35, 1, 'Menu del Dia', 10.00, 7.00, 1, 94, 1),
	(36, 1, 'Flan de la Casa', 3.00, 10.00, 1, 95, 1),
	(36, 1, 'Cafe con leche', 2.00, 10.00, 1, 95, 1),
	(37, 1, 'Menu del Dia', 10.00, 7.00, 1, 96, 1),
	(37, 1, 'Segundos Menus', 0.00, 0.00, 1, 96, 2),
	(37, 1, 'Sardinas', 6.00, 10.00, 1, 96, 3),
	(37, 1, 'Flan de la Casa', 3.00, 10.00, 1, 96, 1),
	(37, 1, 'Cafe con leche', 2.00, 10.00, 1, 96, 1),
	(38, 1, 'Cafe con leche', 2.00, 10.00, 1, 97, 1),
	(39, 1, 'Cafe con leche', 2.00, 10.00, 1, 98, 1),
	(40, 1, 'Menu del Dia', 10.00, 7.00, 1, 99, 1),
	(40, 1, 'Cafe con leche', 2.00, 10.00, 1, 99, 1),
	(40, 1, 'Menu del Dia', 10.00, 7.00, 1, 100, 1),
	(40, 1, 'Menu del Dia', 10.00, 7.00, 1, 101, 1),
	(40, 1, 'Flan de la Casa', 3.00, 10.00, 1, 101, 1),
	(40, 1, 'Flan de la Casa', 3.00, 10.00, 1, 102, 1),
	(40, 1, 'Cafe con leche', 2.00, 10.00, 1, 102, 1),
	(40, 1, 'Menu del Dia', 10.00, 7.00, 1, 103, 1),
	(40, 1, 'Flan de la Casa', 3.00, 10.00, 1, 103, 1),
	(40, 1, 'Flan de la Casa', 3.00, 10.00, 1, 103, 1),
	(40, 1, 'Menu del Dia', 10.00, 7.00, 1, 103, 1),
	(40, 1, 'Menu del Dia', 10.00, 7.00, 1, 104, 1),
	(8, 1, 'Menu del Dia', 10.00, 7.00, 1, 105, 1),
	(8, 1, 'Menu del Dia', 10.00, 7.00, 1, 106, 1),
	(38, 1, 'Menu del Dia', 10.00, 7.00, 1, 107, 1),
	(8, 1, 'Menu del Dia', 10.00, 7.00, 1, 108, 1),
	(8, 1, 'Menu del Dia', 10.00, 7.00, 1, 109, 1),
	(41, 1, 'Menu del Dia', 10.00, 7.00, 1, 110, 1),
	(41, 1, 'Flan de la Casa', 3.00, 10.00, 1, 110, 1),
	(42, 1, 'Flan de la Casa', 3.00, 10.00, 1, 111, 1),
	(42, 1, 'Extra Nata', 0.00, 10.00, 0, 111, 2),
	(8, 1, 'Menu del Dia', 10.00, 7.00, 1, 112, 1),
	(8, 1, 'Flan de la Casa', 3.00, 10.00, 1, 112, 1),
	(8, 1, 'Extra Nata', 0.00, 10.00, 0, 112, 2),
	(35, 1, 'Menu del Dia', 10.00, 7.00, 1, 113, 1),
	(35, 1, 'Menu del Dia', 10.00, 7.00, 1, 113, 1),
	(35, 1, 'Flan de la Casa', 3.00, 10.00, 1, 113, 1),
	(35, 1, 'Flan de la Casa', 3.00, 10.00, 1, 113, 1),
	(42, 1, 'Menu del Dia', 10.00, 7.00, 1, 114, 1),
	(42, 100, 'Flan de la Casa', 3.00, 10.00, 1, 114, 1),
	(8, 100, 'Menu del Dia', 10.00, 7.00, 1, 115, 1),
	(8, 1, 'Flan de la Casa', 3.00, 10.00, 1, 115, 1),
	(8, 58, 'Flan de la Casa', 3.00, 10.00, 1, 115, 1),
	(19, 1, 'Menu del Dia', 10.00, 7.00, 1, 116, 1),
	(43, 1, 'Menu del Dia', 10.00, 7.00, 1, 117, 1),
	(8, 100, 'Flan de la Casa', 3.00, 10.00, 1, 118, 1),
	(8, 1, 'Menu del Dia', 10.00, 7.00, 1, 118, 1),
	(8, 1, 'Menu del Dia', 10.00, 7.00, 1, 118, 1),
	(8, 1, 'Menu del Dia', 10.00, 7.00, 1, 118, 1),
	(8, 1, 'Menu del Dia', 10.00, 7.00, 1, 118, 1),
	(8, 1, 'Menu del Dia', 10.00, 7.00, 1, 119, 1),
	(44, 1, 'Menu del Dia', 10.00, 7.00, 1, 120, 1),
	(8, 1, 'Menu del Dia', 10.00, 7.00, 1, 121, 1),
	(8, 1, 'Menu del Dia', 10.00, 7.00, 1, 121, 1),
	(8, 1, 'Flan de la Casa', 3.00, 10.00, 1, 122, 1),
	(8, 1, 'Flan de la Casa', 3.00, 10.00, 1, 123, 1),
	(8, 1, 'Flan de la Casa', 3.00, 10.00, 1, 124, 1),
	(8, 1, 'Flan de la Casa', 3.00, 10.00, 1, 125, 1),
	(45, 2, 'Flan de la Casa', 3.00, 10.00, 1, 126, 1),
	(8, 1, 'Flan de la Casa', 3.00, 10.00, 1, 127, 1),
	(32, 2, 'Flan de la Casa', 3.00, 10.00, 1, 128, 1),
	(8, 1, 'Flan de la Casa', 3.00, 10.00, 1, 129, 1),
	(8, 4, 'Flan de la Casa', 3.00, 10.00, 1, 130, 1),
	(8, 1, 'Menu del Dia', 10.00, 7.00, 1, 131, 1),
	(19, 1, 'Flan de la Casa', 3.00, 10.00, 1, 132, 1),
	(19, 1, 'Cafe con leche', 2.00, 10.00, 1, 132, 1),
	(19, 1, 'Cafe con leche', 2.00, 10.00, 1, 133, 1),
	(19, 1, 'Cafe con leche', 2.00, 10.00, 1, 133, 1),
	(19, 1, 'Cafe con leche', 2.00, 10.00, 1, 133, 1),
	(19, 1, 'Cafe con leche', 2.00, 10.00, 1, 133, 1),
	(19, 1, 'Cafe con leche', 2.00, 10.00, 1, 133, 1),
	(19, 1, 'Cafe con leche', 2.00, 10.00, 1, 133, 1),
	(19, 1, 'Cafe con leche', 2.00, 10.00, 1, 133, 1),
	(19, 1, 'Cafe con leche', 2.00, 10.00, 1, 133, 1),
	(19, 1, 'Cafe con leche', 2.00, 10.00, 1, 133, 1),
	(19, 1, 'Cafe con leche', 2.00, 10.00, 1, 133, 1),
	(19, 1, 'Cafe con leche', 2.00, 10.00, 1, 133, 1),
	(19, 1, 'Cafe con leche', 2.00, 10.00, 1, 133, 1),
	(19, 1, 'Cafe con leche', 2.00, 10.00, 1, 133, 1),
	(19, 1, 'Cafe con leche', 2.00, 10.00, 1, 133, 1),
	(19, 1, 'Cafe con leche', 2.00, 10.00, 1, 133, 1),
	(19, 1, 'Cafe con leche', 2.00, 10.00, 1, 133, 1),
	(19, 1, 'Cafe con leche', 2.00, 10.00, 1, 133, 1),
	(19, 1, 'Cafe con leche', 2.00, 10.00, 1, 133, 1),
	(19, 1, 'Cafe con leche', 2.00, 10.00, 1, 133, 1),
	(19, 1, 'Cafe con leche', 2.00, 10.00, 1, 133, 1),
	(19, 1, 'Cafe con leche', 2.00, 10.00, 1, 133, 1),
	(19, 1, 'Cafe con leche', 2.00, 10.00, 1, 133, 1),
	(46, 1, 'Cafe con leche', 2.00, 10.00, 1, 134, 1),
	(46, 1, 'Cafe con leche', 2.00, 10.00, 1, 134, 1),
	(46, 1, 'Cafe con leche', 2.00, 10.00, 1, 134, 1),
	(46, 1, 'Cafe con leche', 2.00, 10.00, 1, 134, 1),
	(46, 1, 'Cafe con leche', 2.00, 10.00, 1, 134, 1),
	(46, 1, 'Cafe con leche', 2.00, 10.00, 1, 134, 1),
	(46, 1, 'Cafe con leche', 2.00, 10.00, 1, 134, 1),
	(46, 1, 'Cafe con leche', 2.00, 10.00, 1, 134, 1),
	(19, 1, 'Cafe con leche', 2.00, 10.00, 1, 135, 1),
	(19, 1, 'Cafe con leche', 2.00, 10.00, 1, 135, 1),
	(19, 1, 'Cafe con leche', 2.00, 10.00, 1, 135, 1),
	(19, 1, 'Cafe con leche', 2.00, 10.00, 1, 135, 1),
	(19, 1, 'Cafe con leche', 2.00, 10.00, 1, 135, 1),
	(19, 1, 'Cafe con leche', 2.00, 10.00, 1, 135, 1),
	(19, 1, 'Cafe con leche', 2.00, 10.00, 1, 135, 1),
	(19, 1, 'Cafe con leche', 2.00, 10.00, 1, 135, 1),
	(19, 1, 'Cafe con leche', 2.00, 10.00, 1, 135, 1),
	(19, 1, 'Cafe con leche', 2.00, 10.00, 1, 135, 1),
	(19, 1, 'Cafe con leche', 2.00, 10.00, 1, 135, 1),
	(19, 1, 'Cafe con leche', 2.00, 10.00, 1, 135, 1),
	(19, 1, 'Cafe con leche', 2.00, 10.00, 1, 135, 1),
	(19, 1, 'Cafe con leche', 2.00, 10.00, 1, 135, 1),
	(19, 1, 'Cafe con leche', 2.00, 10.00, 1, 135, 1),
	(19, 1, 'Cafe con leche', 2.00, 10.00, 1, 136, 1),
	(19, 1, 'Cafe con leche', 2.00, 10.00, 1, 137, 1),
	(19, 1, 'Cafe con leche', 2.00, 10.00, 1, 137, 1),
	(19, 1, 'Cafe con leche', 2.00, 10.00, 1, 138, 1),
	(19, 1, 'Cafe con leche', 2.00, 10.00, 1, 138, 1),
	(19, 1, 'Cafe con leche', 2.00, 10.00, 1, 138, 1),
	(19, 1, 'Cafe con leche', 2.00, 10.00, 1, 138, 1),
	(19, 1, 'Cafe con leche', 2.00, 10.00, 1, 139, 1),
	(19, 1, 'Cafe con leche', 2.00, 10.00, 1, 139, 1),
	(19, 1, 'Cafe con leche', 2.00, 10.00, 1, 139, 1),
	(19, 1, 'Cafe con leche', 2.00, 10.00, 1, 139, 1),
	(19, 1, 'Cafe con leche', 2.00, 10.00, 1, 139, 1),
	(19, 1, 'Cafe con leche', 2.00, 10.00, 1, 139, 1),
	(19, 1, 'Cafe con leche', 2.00, 10.00, 1, 139, 1),
	(19, 1, 'Cafe con leche', 2.00, 10.00, 1, 139, 1),
	(19, 1, 'Cafe con leche', 2.00, 10.00, 1, 140, 1),
	(19, 1, 'Cafe con leche', 2.00, 10.00, 1, 140, 1),
	(19, 1, 'Cafe con leche', 2.00, 10.00, 1, 140, 1),
	(19, 1, 'Cafe con leche', 2.00, 10.00, 1, 140, 1),
	(19, 1, 'Cafe con leche', 2.00, 10.00, 1, 140, 1),
	(19, 1, 'Cafe con leche', 2.00, 10.00, 1, 140, 1),
	(19, 1, 'Cafe con leche', 2.00, 10.00, 1, 140, 1),
	(19, 1, 'Cafe con leche', 2.00, 10.00, 1, 140, 1),
	(19, 1, 'Cafe con leche', 2.00, 10.00, 1, 140, 1),
	(19, 1, 'Cafe con leche', 2.00, 10.00, 1, 140, 1),
	(19, 1, 'Cafe con leche', 2.00, 10.00, 1, 140, 1),
	(19, 1, 'Cafe con leche', 2.00, 10.00, 1, 140, 1),
	(19, 1, 'Cafe con leche', 2.00, 10.00, 1, 141, 1),
	(19, 1, 'Cafe con leche', 2.00, 10.00, 1, 141, 1),
	(19, 1, 'Cafe con leche', 2.00, 10.00, 1, 141, 1),
	(19, 1, 'Cafe con leche', 2.00, 10.00, 1, 141, 1),
	(19, 1, 'Cafe con leche', 2.00, 10.00, 1, 141, 1),
	(19, 1, 'Cafe con leche', 2.00, 10.00, 1, 141, 1),
	(19, 1, 'Cafe con leche', 2.00, 10.00, 1, 141, 1),
	(19, 1, 'Cafe con leche', 2.00, 10.00, 1, 141, 1),
	(19, 1, 'Cafe con leche', 2.00, 10.00, 1, 141, 1),
	(19, 1, 'Cafe con leche', 2.00, 10.00, 1, 141, 1),
	(19, 1, 'Cafe con leche', 2.00, 10.00, 1, 141, 1),
	(19, 1, 'Cafe con leche', 2.00, 10.00, 1, 141, 1),
	(19, 1, 'Cafe con leche', 2.00, 10.00, 1, 141, 1),
	(19, 1, 'Cafe con leche', 2.00, 10.00, 1, 141, 1),
	(19, 1, 'Cafe con leche', 2.00, 10.00, 1, 141, 1),
	(27, 1, 'Cafe con leche', 2.00, 10.00, 1, 142, 1),
	(27, 1, 'Cafe con leche', 2.00, 10.00, 1, 142, 1),
	(27, 1, 'Cafe con leche', 2.00, 10.00, 1, 142, 1),
	(27, 1, 'Cafe con leche', 2.00, 10.00, 1, 142, 1),
	(27, 1, 'Cafe con leche', 2.00, 10.00, 1, 142, 1),
	(27, 1, 'Cafe con leche', 2.00, 10.00, 1, 142, 1),
	(27, 1, 'Cafe con leche', 2.00, 10.00, 1, 142, 1),
	(27, 1, 'Cafe con leche', 2.00, 10.00, 1, 142, 1),
	(27, 1, 'Cafe con leche', 2.00, 10.00, 1, 142, 1),
	(27, 1, 'Cafe con leche', 2.00, 10.00, 1, 142, 1),
	(27, 1, 'Cafe con leche', 2.00, 10.00, 1, 142, 1),
	(27, 1, 'Cafe con leche', 2.00, 10.00, 1, 142, 1),
	(27, 1, 'Cafe con leche', 2.00, 10.00, 1, 142, 1),
	(19, 1, 'Cafe con leche', 2.00, 10.00, 1, 143, 1),
	(19, 1, 'Cafe con leche', 2.00, 10.00, 1, 143, 1),
	(19, 1, 'Cafe con leche', 2.00, 10.00, 1, 143, 1),
	(19, 1, 'Cafe con leche', 2.00, 10.00, 1, 143, 1),
	(19, 1, 'Cafe con leche', 2.00, 10.00, 1, 143, 1),
	(19, 1, 'Cafe con leche', 2.00, 10.00, 1, 143, 1),
	(19, 1, 'Cafe con leche', 2.00, 10.00, 1, 143, 1),
	(19, 1, 'Cafe con leche', 2.00, 10.00, 1, 143, 1),
	(19, 1, 'Cafe con leche', 2.00, 10.00, 1, 143, 1),
	(19, 1, 'Cafe con leche', 2.00, 10.00, 1, 143, 1),
	(19, 1, 'Cafe con leche', 2.00, 10.00, 1, 143, 1),
	(19, 1, 'Cafe con leche', 2.00, 10.00, 1, 143, 1),
	(19, 1, 'Cafe con leche', 2.00, 10.00, 1, 143, 1),
	(19, 1, 'Cafe con leche', 2.00, 10.00, 1, 143, 1),
	(19, 1, 'Cafe con leche', 2.00, 10.00, 1, 143, 1),
	(19, 1, 'Cafe con leche', 2.00, 10.00, 1, 144, 1),
	(19, 1, 'Cafe con leche', 2.00, 10.00, 1, 144, 1),
	(19, 1, 'Cafe con leche', 2.00, 10.00, 1, 144, 1),
	(19, 1, 'Cafe con leche', 2.00, 10.00, 1, 144, 1),
	(19, 1, 'Cafe con leche', 2.00, 10.00, 1, 144, 1),
	(19, 1, 'Cafe con leche', 2.00, 10.00, 1, 144, 1),
	(19, 1, 'Cafe con leche', 2.00, 10.00, 1, 144, 1),
	(19, 1, 'Cafe con leche', 2.00, 10.00, 1, 144, 1),
	(19, 1, 'Cafe con leche', 2.00, 10.00, 1, 144, 1),
	(19, 1, 'Cafe con leche', 2.00, 10.00, 1, 144, 1),
	(19, 1, 'Cafe con leche', 2.00, 10.00, 1, 144, 1),
	(19, 1, 'Cafe con leche', 2.00, 10.00, 1, 144, 1),
	(19, 1, 'Cafe con leche', 2.00, 10.00, 1, 144, 1),
	(19, 1, 'Cafe con leche', 2.00, 10.00, 1, 144, 1),
	(19, 1, 'Cafe con leche', 2.00, 10.00, 1, 144, 1),
	(19, 1, 'Cafe con leche', 2.00, 10.00, 1, 145, 1),
	(19, 1, 'Cafe con leche', 2.00, 10.00, 1, 145, 1),
	(19, 1, 'Cafe con leche', 2.00, 10.00, 1, 145, 1),
	(19, 1, 'Cafe con leche', 2.00, 10.00, 1, 145, 1),
	(19, 1, 'Cafe con leche', 2.00, 10.00, 1, 145, 1),
	(19, 1, 'Cafe con leche', 2.00, 10.00, 1, 145, 1),
	(19, 1, 'Cafe con leche', 2.00, 10.00, 1, 145, 1),
	(19, 1, 'Cafe con leche', 2.00, 10.00, 1, 145, 1),
	(19, 1, 'Cafe con leche', 2.00, 10.00, 1, 145, 1),
	(19, 1, 'Cafe con leche', 2.00, 10.00, 1, 145, 1),
	(19, 1, 'Cafe con leche', 2.00, 10.00, 1, 145, 1),
	(19, 1, 'Cafe con leche', 2.00, 10.00, 1, 145, 1),
	(19, 1, 'Cafe con leche', 2.00, 10.00, 1, 145, 1),
	(19, 1, 'Cafe con leche', 2.00, 10.00, 1, 145, 1),
	(19, 1, 'Cafe con leche', 2.00, 10.00, 1, 145, 1),
	(19, 1, 'Cafe con leche', 2.00, 10.00, 1, 146, 1),
	(19, 1, 'Cafe con leche', 2.00, 10.00, 1, 146, 1),
	(19, 1, 'Cafe con leche', 2.00, 10.00, 1, 146, 1),
	(19, 1, 'Cafe con leche', 2.00, 10.00, 1, 146, 1),
	(19, 1, 'Cafe con leche', 2.00, 10.00, 1, 146, 1),
	(19, 1, 'Cafe con leche', 2.00, 10.00, 1, 146, 1),
	(19, 1, 'Cafe con leche', 2.00, 10.00, 1, 146, 1),
	(19, 1, 'Cafe con leche', 2.00, 10.00, 1, 146, 1),
	(19, 1, 'Cafe con leche', 2.00, 10.00, 1, 146, 1),
	(19, 1, 'Cafe con leche', 2.00, 10.00, 1, 146, 1),
	(19, 1, 'Cafe con leche', 2.00, 10.00, 1, 146, 1),
	(19, 1, 'Cafe con leche', 2.00, 10.00, 1, 146, 1),
	(19, 1, 'Cafe con leche', 2.00, 10.00, 1, 146, 1),
	(19, 1, 'Cafe con leche', 2.00, 10.00, 1, 146, 1),
	(19, 1, 'Cafe con leche', 2.00, 10.00, 1, 146, 1),
	(19, 1, 'Cafe con leche', 2.00, 10.00, 1, 147, 1),
	(19, 1, 'Cafe con leche', 2.00, 10.00, 1, 147, 1),
	(19, 1, 'Cafe con leche', 2.00, 10.00, 1, 147, 1),
	(19, 1, 'Cafe con leche', 2.00, 10.00, 1, 147, 1),
	(19, 1, 'Cafe con leche', 2.00, 10.00, 1, 147, 1),
	(19, 1, 'Cafe con leche', 2.00, 10.00, 1, 147, 1),
	(19, 1, 'Cafe con leche', 2.00, 10.00, 1, 147, 1),
	(19, 1, 'Cafe con leche', 2.00, 10.00, 1, 147, 1),
	(19, 1, 'Cafe con leche', 2.00, 10.00, 1, 147, 1),
	(19, 1, 'Cafe con leche', 2.00, 10.00, 1, 147, 1),
	(19, 1, 'Cafe con leche', 2.00, 10.00, 1, 147, 1),
	(19, 1, 'Cafe con leche', 2.00, 10.00, 1, 147, 1),
	(19, 1, 'Cafe con leche', 2.00, 10.00, 1, 147, 1),
	(19, 1, 'Cafe con leche', 2.00, 10.00, 1, 147, 1),
	(19, 1, 'Cafe con leche', 2.00, 10.00, 1, 147, 1),
	(19, 1, 'Cafe con leche', 2.00, 10.00, 1, 148, 1),
	(19, 1, 'Cafe con leche', 2.00, 10.00, 1, 148, 1),
	(19, 1, 'Cafe con leche', 2.00, 10.00, 1, 148, 1),
	(19, 1, 'Cafe con leche', 2.00, 10.00, 1, 148, 1),
	(19, 1, 'Cafe con leche', 2.00, 10.00, 1, 148, 1),
	(19, 1, 'Cafe con leche', 2.00, 10.00, 1, 148, 1),
	(19, 1, 'Cafe con leche', 2.00, 10.00, 1, 148, 1),
	(19, 1, 'Cafe con leche', 2.00, 10.00, 1, 148, 1),
	(19, 1, 'Cafe con leche', 2.00, 10.00, 1, 148, 1),
	(19, 1, 'Cafe con leche', 2.00, 10.00, 1, 148, 1),
	(19, 1, 'Cafe con leche', 2.00, 10.00, 1, 148, 1),
	(19, 1, 'Cafe con leche', 2.00, 10.00, 1, 148, 1),
	(19, 1, 'Cafe con leche', 2.00, 10.00, 1, 148, 1),
	(19, 1, 'Cafe con leche', 2.00, 10.00, 1, 148, 1),
	(19, 1, 'Cafe con leche', 2.00, 10.00, 1, 148, 1),
	(19, 1, 'Cafe con leche', 2.00, 10.00, 1, 149, 1),
	(19, 1, 'Cafe con leche', 2.00, 10.00, 1, 149, 1),
	(19, 1, 'Cafe con leche', 2.00, 10.00, 1, 149, 1),
	(19, 1, 'Cafe con leche', 2.00, 10.00, 1, 149, 1),
	(19, 1, 'Cafe con leche', 2.00, 10.00, 1, 149, 1),
	(19, 1, 'Cafe con leche', 2.00, 10.00, 1, 149, 1),
	(19, 1, 'Cafe con leche', 2.00, 10.00, 1, 149, 1),
	(19, 1, 'Cafe con leche', 2.00, 10.00, 1, 149, 1),
	(19, 1, 'Cafe con leche', 2.00, 10.00, 1, 149, 1),
	(19, 1, 'Cafe con leche', 2.00, 10.00, 1, 149, 1),
	(19, 1, 'Cafe con leche', 2.00, 10.00, 1, 149, 1),
	(19, 1, 'Cafe con leche', 2.00, 10.00, 1, 149, 1),
	(19, 1, 'Cafe con leche', 2.00, 10.00, 1, 149, 1),
	(19, 1, 'Cafe con leche', 2.00, 10.00, 1, 149, 1),
	(19, 1, 'Cafe con leche', 2.00, 10.00, 1, 149, 1),
	(19, 1, 'Cafe con leche', 2.00, 10.00, 1, 150, 1),
	(19, 1, 'Cafe con leche', 2.00, 10.00, 1, 150, 1),
	(19, 1, 'Cafe con leche', 2.00, 10.00, 1, 150, 1),
	(19, 1, 'Cafe con leche', 2.00, 10.00, 1, 150, 1),
	(19, 1, 'Cafe con leche', 2.00, 10.00, 1, 150, 1),
	(19, 1, 'Cafe con leche', 2.00, 10.00, 1, 150, 1),
	(19, 1, 'Cafe con leche', 2.00, 10.00, 1, 150, 1),
	(19, 1, 'Cafe con leche', 2.00, 10.00, 1, 150, 1),
	(19, 1, 'Cafe con leche', 2.00, 10.00, 1, 150, 1),
	(19, 1, 'Cafe con leche', 2.00, 10.00, 1, 150, 1),
	(19, 1, 'Cafe con leche', 2.00, 10.00, 1, 150, 1),
	(19, 1, 'Cafe con leche', 2.00, 10.00, 1, 150, 1),
	(19, 1, 'Cafe con leche', 2.00, 10.00, 1, 150, 1),
	(19, 1, 'Cafe con leche', 2.00, 10.00, 1, 150, 1),
	(19, 1, 'Cafe con leche', 2.00, 10.00, 1, 150, 1),
	(19, 1, 'Cafe con leche', 2.00, 10.00, 1, 151, 1),
	(19, 1, 'Cafe con leche', 2.00, 10.00, 1, 151, 1),
	(19, 1, 'Cafe con leche', 2.00, 10.00, 1, 151, 1),
	(19, 1, 'Cafe con leche', 2.00, 10.00, 1, 151, 1),
	(19, 1, 'Cafe con leche', 2.00, 10.00, 1, 151, 1),
	(19, 1, 'Cafe con leche', 2.00, 10.00, 1, 151, 1),
	(19, 1, 'Cafe con leche', 2.00, 10.00, 1, 151, 1),
	(19, 1, 'Cafe con leche', 2.00, 10.00, 1, 151, 1),
	(19, 1, 'Cafe con leche', 2.00, 10.00, 1, 151, 1),
	(19, 1, 'Cafe con leche', 2.00, 10.00, 1, 151, 1),
	(19, 1, 'Cafe con leche', 2.00, 10.00, 1, 151, 1),
	(19, 1, 'Cafe con leche', 2.00, 10.00, 1, 151, 1),
	(19, 1, 'Cafe con leche', 2.00, 10.00, 1, 151, 1),
	(19, 1, 'Cafe con leche', 2.00, 10.00, 1, 151, 1),
	(19, 1, 'Cafe con leche', 2.00, 10.00, 1, 151, 1),
	(19, 1, 'Cafe con leche', 2.00, 10.00, 1, 152, 1),
	(19, 1, 'Cafe con leche', 2.00, 10.00, 1, 152, 1),
	(19, 1, 'Cafe con leche', 2.00, 10.00, 1, 152, 1),
	(19, 1, 'Cafe con leche', 2.00, 10.00, 1, 152, 1),
	(19, 1, 'Cafe con leche', 2.00, 10.00, 1, 152, 1),
	(19, 1, 'Cafe con leche', 2.00, 10.00, 1, 152, 1),
	(19, 1, 'Cafe con leche', 2.00, 10.00, 1, 152, 1),
	(19, 1, 'Cafe con leche', 2.00, 10.00, 1, 152, 1),
	(19, 1, 'Cafe con leche', 2.00, 10.00, 1, 152, 1),
	(19, 1, 'Cafe con leche', 2.00, 10.00, 1, 152, 1),
	(19, 1, 'Cafe con leche', 2.00, 10.00, 1, 152, 1),
	(19, 1, 'Cafe con leche', 2.00, 10.00, 1, 152, 1),
	(19, 1, 'Cafe con leche', 2.00, 10.00, 1, 152, 1),
	(19, 1, 'Cafe con leche', 2.00, 10.00, 1, 152, 1),
	(19, 1, 'Cafe con leche', 2.00, 10.00, 1, 152, 1),
	(47, 1, 'Flan de la Casa', 3.00, 10.00, 1, 153, 1),
	(19, 1, 'Flan de la Casa', 3.00, 10.00, 1, 154, 1),
	(19, 1, 'Flan de la Casa', 3.00, 10.00, 1, 155, 1),
	(19, 1, 'Flan de la Casa', 3.00, 10.00, 1, 156, 1),
	(19, 1, 'Flan de la Casa', 3.00, 10.00, 1, 156, 1),
	(19, 1, 'Flan de la Casa', 3.00, 10.00, 1, 156, 1),
	(19, 1, 'Cafe con leche', 2.00, 10.00, 1, 156, 1),
	(19, 1, 'Cafe con leche', 2.00, 10.00, 1, 156, 1),
	(19, 1, 'Cafe con leche', 2.00, 10.00, 1, 156, 1),
	(11, 1, 'Cafe con leche', 2.00, 10.00, 1, 157, 1),
	(19, 1, 'Menu del Dia', 10.00, 7.00, 1, 158, 1),
	(19, 1, 'Primeros Menus', 0.00, 0.00, 0, 158, 2),
	(19, 1, 'Ensalada Mixta', 0.00, 0.00, 0, 158, 3),
	(19, 1, 'Flan de la Casa', 3.00, 10.00, 1, 158, 1),
	(11, 1, 'Cafe con leche', 2.00, 10.00, 1, 159, 1),
	(11, 1, 'Cafe con leche', 2.00, 10.00, 1, 159, 1),
	(11, 1, 'Cafe con leche', 2.00, 10.00, 1, 159, 1),
	(11, 1, 'Cafe con leche', 2.00, 10.00, 1, 159, 1),
	(19, 1, 'Menu del Dia', 10.00, 7.00, 1, 160, 1),
	(19, 1, 'Primeros Menus', 0.00, 0.00, 0, 160, 2),
	(19, 1, 'Ensalada Mixta', 0.00, 0.00, 0, 160, 3),
	(11, 1, 'Cafe con leche', 2.00, 10.00, 1, 161, 1),
	(24, 1, 'Menu del Dia', 10.00, 7.00, 1, 162, 1),
	(27, 1, 'Cafe con leche', 2.00, 10.00, 1, 163, 1),
	(27, 1, 'Flan de la Casa', 3.00, 10.00, 1, 164, 1),
	(19, 1, 'Flan de la Casa', 3.00, 10.00, 1, 165, 1),
	(19, 1, 'Flan de la Casa', 3.00, 10.00, 1, 166, 1),
	(19, 1, 'Menu del Dia', 10.00, 7.00, 1, 167, 1),
	(23, 1, 'Menu del Dia', 10.00, 7.00, 1, 168, 1),
	(19, 1, 'Flan de la Casa', 3.00, 10.00, 1, 169, 1),
	(11, 1, 'Cafe con leche', 2.00, 10.00, 1, 170, 1),
	(11, 1, 'Cafe con leche', 2.00, 10.00, 1, 171, 1),
	(19, 1, 'Menu del Dia', 10.00, 7.00, 1, 172, 1),
	(11, 1, 'Cafe con leche', 2.00, 10.00, 1, 173, 1),
	(48, 1, 'Menu del Dia', 10.00, 7.00, 1, 174, 1),
	(19, 1, 'Menu del Dia', 10.00, 7.00, 1, 175, 1),
	(24, 1, 'Menu del Dia', 10.00, 7.00, 1, 176, 1),
	(48, 1, 'Menu del Dia', 10.00, 7.00, 1, 177, 1),
	(49, 1, 'Menu del Dia', 10.00, 7.00, 1, 178, 1),
	(19, 1, 'Menu del Dia', 10.00, 7.00, 1, 179, 1),
	(19, 1, 'Menu del Dia', 10.00, 7.00, 1, 180, 1),
	(19, 1, 'Menu del Dia', 10.00, 7.00, 1, 181, 1),
	(50, 1, 'Cafe con leche', 2.00, 10.00, 1, 182, 1),
	(11, 1, 'Menu del Dia', 10.00, 7.00, 1, 183, 1),
	(19, 1, 'Flan de la Casa', 3.00, 10.00, 1, 184, 1),
	(19, 1, 'Menu del Dia', 10.00, 7.00, 1, 185, 1),
	(19, 1, 'Cafe con leche', 2.00, 10.00, 1, 186, 1),
	(19, 1, 'Cafe con leche', 2.00, 10.00, 1, 187, 1),
	(27, 1, 'Flan de la Casa', 3.00, 10.00, 1, 188, 1),
	(19, 1, 'Cafe con leche', 2.00, 10.00, 1, 189, 1),
	(23, 1, 'Cafe con leche', 2.00, 10.00, 1, 190, 1),
	(19, 1, 'Cafe con leche', 2.00, 10.00, 1, 191, 1),
	(51, 1, 'Cafe con leche', 2.00, 10.00, 1, 192, 1),
	(19, 1, 'Cafe con leche', 2.00, 10.00, 1, 193, 1),
	(19, 1, 'Cafe con leche', 2.00, 10.00, 1, 194, 1),
	(19, 1, 'Cafe con leche', 2.00, 10.00, 1, 195, 1),
	(19, 1, 'Cafe con leche', 2.00, 10.00, 1, 196, 1),
	(33, 1, 'Menu del Dia', 10.00, 7.00, 1, 197, 1),
	(48, 1, 'Menu del Dia', 10.00, 7.00, 1, 198, 1),
	(19, 1, 'Cafe con leche', 2.00, 10.00, 1, 199, 1),
	(51, 1, 'Menu del Dia', 10.00, 7.00, 1, 200, 1),
	(51, 1, 'Cafe con leche', 2.00, 10.00, 1, 200, 1),
	(51, 1, 'Flan de la Casa', 3.00, 10.00, 1, 200, 1),
	(19, 1, 'Flan de la Casa', 3.00, 10.00, 1, 201, 1),
	(49, 1, 'Cafe con leche', 2.00, 10.00, 1, 202, 1),
	(23, 1, 'Menu del Dia', 10.00, 7.00, 1, 203, 1),
	(19, 1, 'Cafe con leche', 2.00, 10.00, 1, 204, 1),
	(24, 1, 'Menu del Dia', 10.00, 7.00, 1, 205, 1),
	(27, 1, 'Cafe con leche', 2.00, 10.00, 1, 206, 1),
	(19, 1, 'Menu del Dia', 10.00, 7.00, 1, 207, 1),
	(31, 1, 'Cafe con leche', 2.00, 10.00, 1, 208, 1),
	(11, 1, 'Menu del Dia', 10.00, 7.00, 1, 209, 1),
	(23, 1, 'Cafe con leche', 2.00, 10.00, 1, 210, 1),
	(48, 1, 'Menu del Dia', 10.00, 7.00, 1, 211, 1),
	(19, 1, 'Menu del Dia', 10.00, 7.00, 1, 212, 1),
	(11, 1, 'Cafe con leche', 2.00, 10.00, 1, 213, 1),
	(27, 1, 'Menu del Dia', 10.00, 7.00, 1, 214, 1),
	(19, 1, 'Cafe con leche', 2.00, 10.00, 1, 215, 1),
	(48, 1, 'Flan de la Casa', 3.00, 10.00, 1, 216, 1),
	(11, 1, 'Cafe con leche', 2.00, 10.00, 1, 217, 1),
	(11, 1, 'Cafe con leche', 2.00, 10.00, 1, 217, 1),
	(11, 1, 'Cafe con leche', 2.00, 10.00, 1, 217, 1),
	(51, 1, 'Menu del Dia', 10.00, 7.00, 1, 218, 1),
	(51, 1, 'Primeros Menus', 0.00, 0.00, 0, 218, 2),
	(51, 1, 'Ensalada Mixta', 0.00, 0.00, 0, 218, 3),
	(51, 1, 'Segundos Menus', 0.00, 0.00, 1, 218, 2),
	(51, 1, 'Sardinas', 6.00, 10.00, 1, 218, 3),
	(48, 1, 'Cafe con leche', 2.00, 10.00, 1, 219, 1),
	(19, 1, 'Menu del Dia', 10.00, 7.00, 1, 220, 1),
	(19, 1, 'Primeros Menus', 0.00, 0.00, 0, 220, 2),
	(19, 1, 'Ensalada Mixta', 0.00, 0.00, 0, 220, 3),
	(19, 1, 'Flan de la Casa', 3.00, 10.00, 1, 220, 1),
	(19, 1, 'Extra Nata', 0.00, 10.00, 0, 220, 2),
	(19, 1, 'Menu del Dia', 10.00, 7.00, 1, 221, 1),
	(19, 1, 'Primeros Menus', 0.00, 0.00, 0, 221, 2),
	(19, 1, 'Ensalada Mixta', 0.00, 0.00, 0, 221, 3),
	(19, 1, 'Flan de la Casa', 3.00, 10.00, 1, 221, 1),
	(19, 1, 'Extra Nata', 0.00, 10.00, 0, 221, 2),
	(19, 1, 'Menu del Dia', 10.00, 7.00, 1, 222, 1),
	(19, 1, 'Primeros Menus', 0.00, 0.00, 0, 222, 2),
	(19, 1, 'Ensalada Mixta', 0.00, 0.00, 0, 222, 3),
	(19, 1, 'Flan de la Casa', 3.00, 10.00, 1, 222, 1),
	(19, 1, 'Extra Nata', 0.00, 10.00, 0, 222, 2),
	(19, 1, 'Menu del Dia', 10.00, 7.00, 1, 223, 1),
	(19, 1, 'Primeros Menus', 0.00, 0.00, 0, 223, 2),
	(19, 1, 'Ensalada Mixta', 0.00, 0.00, 0, 223, 3),
	(19, 1, 'Flan de la Casa', 3.00, 10.00, 1, 223, 1),
	(19, 1, 'Extra Nata', 0.00, 10.00, 0, 223, 2),
	(19, 1, 'Menu del Dia', 10.00, 7.00, 1, 224, 1),
	(19, 1, 'Primeros Menus', 0.00, 0.00, 0, 224, 2),
	(19, 1, 'Ensalada Mixta', 0.00, 0.00, 0, 224, 3),
	(19, 1, 'Flan de la Casa', 3.00, 10.00, 1, 224, 1),
	(19, 1, 'Extra Nata', 0.00, 10.00, 0, 224, 2),
	(29, 1, 'Flan de la Casa', 3.00, 10.00, 1, 225, 1),
	(29, 1, 'Cafe con leche', 2.00, 10.00, 1, 225, 1),
	(52, 1, 'Flan de la Casa', 3.00, 10.00, 1, 226, 1),
	(53, 1, 'Menu del Dia', 10.00, 7.00, 1, 227, 1),
	(29, 1, 'Menu del Dia', 10.00, 7.00, 1, 228, 1),
	(29, 1, 'Primeros Menus', 0.00, 0.00, 0, 228, 2),
	(29, 1, 'Ensalada Mixta', 0.00, 0.00, 0, 228, 3),
	(47, 1, 'Menu del Dia', 10.00, 7.00, 1, 229, 1),
	(47, 1, 'Primeros Menus', 0.00, 0.00, 0, 229, 2),
	(47, 1, 'Ensalada Mixta', 0.00, 0.00, 0, 229, 3),
	(47, 1, 'Flan de la Casa', 3.00, 10.00, 1, 229, 1),
	(54, 1, 'Cafe con leche', 2.00, 10.00, 1, 230, 1),
	(19, 1, 'Cafe con leche', 2.00, 10.00, 1, 231, 1),
	(19, 1, 'Cafe Solo', 2.00, 10.00, 1, 231, 1),
	(19, 1, 'Flan de la Casa', 3.00, 10.00, 1, 232, 1),
	(19, 1, 'Extra Nata', 0.00, 10.00, 0, 232, 2),
	(19, 1, 'Menu del Dia', 10.00, 7.00, 1, 233, 1),
	(19, 1, 'Primeros Menus', 0.00, 0.00, 0, 233, 2),
	(19, 1, 'Ensalada Mixta', 0.00, 0.00, 0, 233, 3),
	(19, 1, 'Segundos Menus', 0.00, 0.00, 1, 233, 2),
	(19, 1, 'Pollo Asado', 0.00, 0.00, 0, 233, 3),
	(19, 1, 'Menu del Dia', 10.00, 7.00, 1, 234, 1),
	(19, 1, 'Primeros Menus', 0.00, 0.00, 0, 234, 2),
	(19, 1, 'Ensalada Mixta', 0.00, 0.00, 0, 234, 3),
	(19, 1, 'Segundos Menus', 0.00, 0.00, 1, 234, 2),
	(19, 1, 'Pollo Asado', 0.00, 0.00, 0, 234, 3),
	(19, 1, 'Flan de la Casa', 3.00, 10.00, 1, 234, 1),
	(48, 1, 'Flan de la Casa', 3.00, 10.00, 1, 235, 1),
	(48, 1, 'Ensalada Mixta', 4.00, 10.00, 1, 235, 1),
	(48, 1, 'Pacharan', 5.00, 10.00, 1, 235, 1),
	(48, 1, 'Menu del Dia', 10.00, 7.00, 1, 235, 1),
	(48, 1, 'Primeros Menus', 0.00, 0.00, 0, 235, 2),
	(48, 1, 'Ensalada Mixta', 0.00, 0.00, 0, 235, 3),
	(48, 1, 'Sin Cebolla', 0.00, 0.00, 0, 235, 4),
	(48, 1, 'Segundos Menus', 0.00, 0.00, 1, 235, 2),
	(48, 1, 'Pollo Asado', 0.00, 0.00, 0, 235, 3),
	(19, 1, 'Menu del Dia', 10.00, 7.00, 1, 236, 1),
	(19, 1, 'Primeros Menus', 0.00, 0.00, 0, 236, 2),
	(19, 1, 'Ensalada Mixta', 0.00, 0.00, 0, 236, 3),
	(19, 1, 'Segundos Menus', 0.00, 0.00, 1, 236, 2),
	(19, 1, 'Pollo Asado', 0.00, 0.00, 0, 236, 3);
/*!40000 ALTER TABLE `detafact` ENABLE KEYS */;


-- Volcando estructura para tabla ambrosia.elementos
CREATE TABLE IF NOT EXISTS `elementos` (
  `ElementoId` int(11) NOT NULL AUTO_INCREMENT,
  `PadreId` int(11) NOT NULL,
  `CompanyId` int(11) NOT NULL,
  `Descripcion` varchar(100) NOT NULL,
  `Precio` decimal(10,2) NOT NULL,
  `Impuesto` decimal(10,2) NOT NULL,
  `ImprimirEnFactura` tinyint(4) NOT NULL,
  `ImprimirEnComanda` tinyint(4) NOT NULL,
  `ColorLetras` varchar(7) NOT NULL,
  `ColorFondo` varchar(7) NOT NULL,
  `TieneImpresora` tinyint(4) NOT NULL,
  `TieneTerminal` tinyint(4) NOT NULL,
  `PathImg` varchar(200) NOT NULL,
  `Final` tinyint(4) NOT NULL DEFAULT '0',
  PRIMARY KEY (`ElementoId`)
) ENGINE=InnoDB AUTO_INCREMENT=6450 DEFAULT CHARSET=utf8;

-- Volcando datos para la tabla ambrosia.elementos: ~44 rows (aproximadamente)
/*!40000 ALTER TABLE `elementos` DISABLE KEYS */;
INSERT INTO `elementos` (`ElementoId`, `PadreId`, `CompanyId`, `Descripcion`, `Precio`, `Impuesto`, `ImprimirEnFactura`, `ImprimirEnComanda`, `ColorLetras`, `ColorFondo`, `TieneImpresora`, `TieneTerminal`, `PathImg`, `Final`) VALUES
	(2194, 0, 4, 'Menu del Dia', 10.00, 7.00, 1, 1, '#000000', '#f0870c', 1, 1, 'C:\\AmbrosiaClient\\Img\\menu.png', 1),
	(2204, 0, 4, 'Postres', 0.00, 0.00, 0, 0, '#fcfcfc', '#e6197b', 1, 1, 'C:\\AmbrosiaClient\\Img\\postres.jpg', 0),
	(2214, 0, 4, 'Carnes', 0.00, 0.00, 1, 1, '#d42424', '#de9b14', 0, 0, 'C:\\AmbrosiaClient\\Img\\meat.png', 0),
	(3104, 0, 4, 'Ensaladas', 0.00, 0.00, 0, 0, '#d42424', '#de9b14', 0, 0, 'C:\\AmbrosiaClient\\Img\\salads.png', 0),
	(3114, 0, 4, 'Licores', 0.00, 0.00, 0, 0, '#000000', '#0cf067', 1, 1, 'C:\\AmbrosiaClient\\Img\\licores.png', 0),
	(6372, 0, 4, 'Hamburguesas', 12.00, 7.00, 1, 1, '#000000', '#e05e14', 1, 1, 'C:\\AmbrosiaClient\\Img\\hamburguesas.png', 0),
	(6408, 6421, 4, 'Cafe con leche', 2.05, 10.00, 1, 1, '#000000', '#f00c87', 1, 1, 'C:\\AmbrosiaClient\\Img\\cafeleche.jpg', 1),
	(6411, 2194, 4, 'Primeros Menus', 0.00, 0.00, 0, 1, '#000000', '#e68515', 1, 1, 'C:\\AmbrosiaClient\\Img\\primeros.png', 1),
	(6412, 6411, 4, 'Ensalada Mixta', 0.00, 0.00, 0, 1, '#000000', '#f57e11', 1, 1, 'C:\\AmbrosiaClient\\Img\\ensaladamixta.jpg', 1),
	(6413, 6411, 4, 'Sopa de Verduras', 0.00, 0.00, 0, 1, '#000000', '#ed7c13', 1, 1, 'C:\\AmbrosiaClient\\Img\\sopaverduras.jpg', 1),
	(6415, 6411, 4, 'Crema de Tomate', 0.00, 0.00, 0, 1, '#000000', '#ed7c13', 1, 1, 'C:\\AmbrosiaClient\\Img\\sopatomate.jpg', 1),
	(6416, 2194, 4, 'Segundos Menus', 0.00, 0.00, 1, 1, '#000000', '#ed7c13', 1, 1, 'C:\\AmbrosiaClient\\Img\\segundos.jpg', 1),
	(6417, 6411, 4, 'Crema de Champiñon', 0.00, 0.00, 0, 1, '#000000', '#eb9310', 1, 1, 'C:\\AmbrosiaClient\\Img\\sopachampi.jpg', 1),
	(6418, 0, 4, 'Vinos', 0.00, 0.00, 0, 0, '#000000', '#e81548', 0, 0, 'C:\\AmbrosiaClient\\Img\\vinos.png', 0),
	(6420, 2214, 4, 'Chuletas Cerdo', 12.00, 10.00, 1, 1, '#000000', '#e6177a', 1, 1, 'C:\\AmbrosiaClient\\Img\\chuletacerdo.png', 1),
	(6421, 0, 4, 'Cafes', 0.00, 0.00, 0, 0, '#000000', '#17e61f', 0, 0, 'C:\\AmbrosiaClient\\Img\\cafes.jpg', 0),
	(6422, -1, 4, 'Con Hielo', 0.00, 0.00, 0, 1, '#000000', '#e6177a', 1, 1, '', 0),
	(6423, 6421, 4, 'Cafe Solo', 2.00, 10.00, 1, 1, '#000000', '#f00c87', 1, 1, 'C:\\AmbrosiaClient\\Img\\cafesolo.png', 1),
	(6424, 6423, 4, 'Con Hielo', 0.00, 0.00, 0, 1, '#000000', '#e6177a', 1, 1, 'C:\\AmbrosiaClient\\Img\\hielo.jpg', 1),
	(6425, 3114, 4, 'Pacharan', 5.00, 10.00, 1, 1, '#ebdada', '#4b13eb', 1, 1, 'C:\\AmbrosiaClient\\Img\\pacharan.jpg', 1),
	(6426, 6416, 4, 'Pollo Asado', 0.00, 0.00, 0, 1, '#ebdada', '#4b13eb', 1, 1, 'C:\\AmbrosiaClient\\Img\\polloasado.png', 1),
	(6427, -1, 4, 'Sin Salsa', 0.00, 0.00, 0, 1, '#ebdada', '#4b13eb', 1, 1, '', 0),
	(6428, 6426, 4, 'Sin Salsa', 0.00, 0.00, 0, 1, '#ebdada', '#4b13eb', 1, 1, 'C:\\AmbrosiaClient\\Img\\sinsalsa.png', 1),
	(6429, -1, 4, 'Extra Tomate', 0.00, 0.00, 0, 1, '#ebdada', '#4b13eb', 1, 1, '', 0),
	(6430, 6412, 4, 'Extra Tomate', 0.00, 0.00, 0, 1, '#ebdada', '#4b13eb', 1, 1, 'C:\\AmbrosiaClient\\Img\\extratomate.png', 1),
	(6431, -1, 4, 'Taza', 0.00, 0.00, 0, 1, '#000000', '#15eb91', 1, 1, '', 0),
	(6432, 6408, 4, 'Taza', 0.00, 0.00, 0, 1, '#000000', '#15eb91', 1, 1, 'C:\\AmbrosiaClient\\Img\\taza.jpg', 1),
	(6433, 6423, 4, 'Taza', 0.00, 0.00, 0, 1, '#000000', '#15eb91', 1, 1, 'C:\\AmbrosiaClient\\Img\\taza.jpg', 1),
	(6434, 6416, 4, 'Calamares', 8.00, 10.00, 1, 1, '#000000', '#f0d911', 1, 1, 'C:\\AmbrosiaClient\\Img\\calamares.jpg', 1),
	(6435, 2204, 4, 'Flan de la Casa', 3.50, 10.00, 1, 1, '#000000', '#0eed3f', 1, 1, 'C:\\AmbrosiaClient\\Img\\flan.png', 1),
	(6436, 3104, 4, 'Ensalada Mixta', 4.50, 10.00, 1, 1, '#000000', '#0eed3f', 1, 1, 'C:\\AmbrosiaClient\\Img\\ensaladamixta.jpg', 1),
	(6437, 0, 4, 'Bebidas', 0.00, 0.00, 0, 0, '#000000', '#0eed3f', 0, 0, 'C:\\AmbrosiaClient\\Img\\bebidas.png', 0),
	(6438, 6437, 4, 'Canna ', 1.50, 10.00, 1, 1, '#000000', '#0eed3f', 1, 1, 'C:\\AmbrosiaClient\\Img\\canna.jpg', 1),
	(6439, 2204, 4, 'Helado triple sabor', 2.50, 10.00, 1, 1, '#968738', '#573708', 1, 1, 'C:\\AmbrosiaClient\\Img\\heladotripe.png', 1),
	(6440, 6439, 4, 'Birutas de almendra', 0.00, 0.00, 0, 1, '#191916', '#db8b12', 1, 1, 'C:\\AmbrosiaClient\\Img\\almendra.jpg', 1),
	(6441, 6437, 4, 'Gyn tonyc', 3.00, 10.00, 1, 1, '#f0cb0a', '#f7f7f7', 1, 1, 'C:\\AmbrosiaClient\\Img\\gintonic.jpg', 1),
	(6442, 6416, 4, 'Sardinas', 6.00, 10.00, 1, 1, '#191917', '#4c4d49', 1, 1, 'C:\\AmbrosiaClient\\Img\\sardinas.jpg', 1),
	(6443, 6416, 4, 'Spaguetis', 0.00, 10.00, 0, 1, '#ad982a', '#f53207', 1, 1, 'C:\\AmbrosiaClient\\Img\\espagueti.jpg', 1),
	(6444, 6443, 4, 'Extra Tomate', 0.00, 0.00, 0, 1, '#ebdada', '#4b13eb', 1, 1, 'C:\\AmbrosiaClient\\Img\\extratomate.png', 1),
	(6445, 3114, 4, 'Licor de moras', 3.73, 10.00, 1, 1, '#f5eb00', '#071ff5', 1, 1, 'C:\\AmbrosiaClient\\Img\\licormoras.jpg', 1),
	(6446, -1, 4, 'Sin Cebolla', 0.00, 0.00, 0, 1, '#000000', '#35eb17', 1, 1, '', 0),
	(6447, 6412, 4, 'Sin Cebolla', 0.00, 0.00, 0, 1, '#000000', '#35eb17', 1, 1, '', 1),
	(6448, 6437, 4, 'Bt San Miguel', 2.50, 10.00, 1, 1, '#000000', '#35eb17', 1, 1, 'C:\\AmbrosiaClient\\Img\\sanmiguel.jpg', 1),
	(6449, 6435, 4, 'Extra Nata', 0.50, 10.00, 0, 1, '#000000', '#35eb17', 1, 1, 'C:\\AmbrosiaClient\\Img\\extracream.png', 1);
/*!40000 ALTER TABLE `elementos` ENABLE KEYS */;


-- Volcando estructura para tabla ambrosia.empleados
CREATE TABLE IF NOT EXISTS `empleados` (
  `EmpleadoId` int(11) NOT NULL AUTO_INCREMENT,
  `NombreEmpleado` varchar(30) NOT NULL,
  `ClaveEmpleado` varchar(20) NOT NULL,
  `CompanyId` int(11) NOT NULL,
  PRIMARY KEY (`EmpleadoId`)
) ENGINE=InnoDB AUTO_INCREMENT=95 DEFAULT CHARSET=utf8;

-- Volcando datos para la tabla ambrosia.empleados: ~5 rows (aproximadamente)
/*!40000 ALTER TABLE `empleados` DISABLE KEYS */;
INSERT INTO `empleados` (`EmpleadoId`, `NombreEmpleado`, `ClaveEmpleado`, `CompanyId`) VALUES
	(34, 'Roberto', '1234', 34),
	(64, 'Sandra', '1234', 4),
	(74, 'Antonio', '1234', 4),
	(84, 'Juan', '1234', 4),
	(94, 'Lopez', '1234', 4);
/*!40000 ALTER TABLE `empleados` ENABLE KEYS */;


-- Volcando estructura para tabla ambrosia.facturas
CREATE TABLE IF NOT EXISTS `facturas` (
  `FacturaId` bigint(20) unsigned NOT NULL AUTO_INCREMENT,
  `Sesion` tinyint(3) unsigned NOT NULL DEFAULT '1',
  `Estado` varchar(1) COLLATE latin1_spanish_ci NOT NULL DEFAULT 'A',
  `Nombre` varchar(5) COLLATE latin1_spanish_ci NOT NULL DEFAULT '',
  `Total` decimal(10,0) NOT NULL DEFAULT '0',
  `Cantidad` decimal(10,0) NOT NULL DEFAULT '0',
  `Cambio` decimal(10,0) NOT NULL DEFAULT '0',
  `FechaHora` datetime DEFAULT NULL,
  PRIMARY KEY (`FacturaId`),
  KEY `Sesion` (`Sesion`),
  KEY `Estado` (`Estado`),
  KEY `Nombre` (`Nombre`)
) ENGINE=InnoDB AUTO_INCREMENT=55 DEFAULT CHARSET=latin1 COLLATE=latin1_spanish_ci;

-- Volcando datos para la tabla ambrosia.facturas: ~41 rows (aproximadamente)
/*!40000 ALTER TABLE `facturas` DISABLE KEYS */;
INSERT INTO `facturas` (`FacturaId`, `Sesion`, `Estado`, `Nombre`, `Total`, `Cantidad`, `Cambio`, `FechaHora`) VALUES
	(2, 1, 'A', '888', 0, 0, 0, '2018-01-27 11:37:38'),
	(3, 1, 'A', '44', 0, 0, 0, '2018-01-27 12:06:15'),
	(4, 1, 'A', '41', 0, 0, 0, '2018-01-27 12:21:19'),
	(8, 1, 'A', '55', 0, 0, 0, '2018-01-27 12:55:02'),
	(11, 1, 'A', '4', 0, 0, 0, '2018-01-27 19:05:52'),
	(19, 1, 'A', '5', 0, 0, 0, '2018-01-28 13:01:02'),
	(20, 1, 'A', '4125', 0, 0, 0, '2018-01-28 13:06:10'),
	(21, 1, 'A', '5', 0, 0, 0, '2018-01-28 14:23:43'),
	(22, 1, 'A', '12345', 0, 0, 0, '2018-01-28 14:25:14'),
	(23, 1, 'A', '6', 0, 0, 0, '2018-01-28 17:36:35'),
	(24, 1, 'A', '7', 0, 0, 0, '2018-01-28 17:40:03'),
	(25, 1, 'A', '12', 0, 0, 0, '2018-01-28 20:11:00'),
	(26, 1, 'A', '11111', 0, 0, 0, '2018-01-30 21:45:34'),
	(27, 1, 'A', '2', 0, 0, 0, '2018-01-30 21:47:03'),
	(28, 1, 'A', '14', 0, 0, 0, '2018-01-30 22:16:36'),
	(29, 1, 'A', '10', 0, 0, 0, '2018-02-01 19:08:05'),
	(30, 1, 'A', '11', 0, 0, 0, '2018-02-01 19:12:11'),
	(31, 1, 'A', '555', 0, 0, 0, '2018-02-09 20:41:37'),
	(32, 1, 'A', '58', 0, 0, 0, '2018-02-09 20:56:45'),
	(33, 1, 'A', '47', 0, 0, 0, '2018-02-10 12:32:51'),
	(34, 1, 'A', '500', 0, 0, 0, '2018-02-10 12:36:52'),
	(35, 1, 'A', '54', 0, 0, 0, '2018-02-10 12:44:05'),
	(36, 1, 'A', '48', 0, 0, 0, '2018-02-10 13:10:49'),
	(37, 1, 'A', '78', 0, 0, 0, '2018-02-11 11:02:13'),
	(38, 1, 'A', '77', 0, 0, 0, '2018-02-11 11:03:40'),
	(39, 1, 'A', '76', 0, 0, 0, '2018-02-11 11:04:32'),
	(40, 1, 'A', '75', 0, 0, 0, '2018-02-11 11:39:17'),
	(41, 1, 'A', '50', 0, 0, 0, '2018-02-11 20:05:23'),
	(42, 1, 'A', '25', 0, 0, 0, '2018-02-11 22:10:25'),
	(43, 1, 'A', '85', 0, 0, 0, '2018-02-12 10:05:09'),
	(44, 1, 'A', '45', 0, 0, 0, '2018-02-12 10:21:54'),
	(45, 1, 'A', '53', 0, 0, 0, '2018-02-12 11:22:50'),
	(46, 1, 'A', '52', 0, 0, 0, '2018-02-15 20:28:56'),
	(47, 1, 'A', '15', 0, 0, 0, '2018-02-16 19:24:20'),
	(48, 1, 'A', '8', 0, 0, 0, '2018-02-17 18:38:52'),
	(49, 1, 'A', '9', 0, 0, 0, '2018-02-17 19:02:22'),
	(50, 1, 'A', '56', 0, 0, 0, '2018-02-17 19:11:04'),
	(51, 1, 'A', '1', 0, 0, 0, '2018-02-17 20:42:01'),
	(52, 1, 'A', '100', 0, 0, 0, '2018-03-04 20:00:56'),
	(53, 1, 'A', '111', 0, 0, 0, '2018-03-04 20:01:40'),
	(54, 1, 'A', '20', 0, 0, 0, '2018-03-05 11:38:54');
/*!40000 ALTER TABLE `facturas` ENABLE KEYS */;


-- Volcando estructura para tabla ambrosia.impresoraconfig
CREATE TABLE IF NOT EXISTS `impresoraconfig` (
  `ElementoId` int(11) NOT NULL,
  `NombreImpresora` varchar(30) NOT NULL
) ENGINE=InnoDB DEFAULT CHARSET=utf8;

-- Volcando datos para la tabla ambrosia.impresoraconfig: ~13 rows (aproximadamente)
/*!40000 ALTER TABLE `impresoraconfig` DISABLE KEYS */;
INSERT INTO `impresoraconfig` (`ElementoId`, `NombreImpresora`) VALUES
	(2194, 'Cocina'),
	(2194, 'Cocina-Primeros'),
	(2194, 'Cocina-Segundos'),
	(6435, 'Cocina'),
	(6408, 'Barra'),
	(6425, 'Barra'),
	(6442, 'Espetos'),
	(6449, 'Cocina'),
	(6411, 'Cocina'),
	(6412, 'Cocina'),
	(6413, 'Cocina'),
	(6415, 'Cocina'),
	(6417, 'Cocina');
/*!40000 ALTER TABLE `impresoraconfig` ENABLE KEYS */;


-- Volcando estructura para tabla ambrosia.impresoras
CREATE TABLE IF NOT EXISTS `impresoras` (
  `ImpresoraId` int(11) NOT NULL AUTO_INCREMENT,
  `NombreImpresora` varchar(30) NOT NULL,
  PRIMARY KEY (`ImpresoraId`)
) ENGINE=InnoDB AUTO_INCREMENT=325 DEFAULT CHARSET=utf8;

-- Volcando datos para la tabla ambrosia.impresoras: ~6 rows (aproximadamente)
/*!40000 ALTER TABLE `impresoras` DISABLE KEYS */;
INSERT INTO `impresoras` (`ImpresoraId`, `NombreImpresora`) VALUES
	(244, 'Espetos'),
	(274, 'Cocina-Primeros'),
	(284, 'Cocina-Segundos'),
	(304, 'Barra'),
	(314, 'Caja'),
	(324, 'Cocina');
/*!40000 ALTER TABLE `impresoras` ENABLE KEYS */;


-- Volcando estructura para tabla ambrosia.login
CREATE TABLE IF NOT EXISTS `login` (
  `CompanyId` smallint(5) unsigned NOT NULL AUTO_INCREMENT,
  `User` varchar(20) NOT NULL,
  `Pass` varchar(20) NOT NULL,
  `Email` varchar(50) NOT NULL,
  `NombreComercial` varchar(50) NOT NULL,
  `NombreFiscal` varchar(50) NOT NULL,
  `Direccion` varchar(50) NOT NULL,
  `CodigoPostal` varchar(5) NOT NULL,
  `Ciudad` varchar(30) NOT NULL,
  `NIF` varchar(10) NOT NULL,
  `Telefono` varchar(15) NOT NULL,
  PRIMARY KEY (`CompanyId`)
) ENGINE=InnoDB AUTO_INCREMENT=105 DEFAULT CHARSET=utf8;

-- Volcando datos para la tabla ambrosia.login: ~11 rows (aproximadamente)
/*!40000 ALTER TABLE `login` DISABLE KEYS */;
INSERT INTO `login` (`CompanyId`, `User`, `Pass`, `Email`, `NombreComercial`, `NombreFiscal`, `Direccion`, `CodigoPostal`, `Ciudad`, `NIF`, `Telefono`) VALUES
	(4, 'Caspi', '1234', 'alonso_caspi@hotmail.com', 'Restaurante Los Pescadores 2', 'Bahia S.L.', 'Playa del Bajondillo 24', '12345', 'Torrremolinos', '12123123-X', '952445566'),
	(14, 'Sofia2', '1234', 'sofiadominguezbelmonte@gmail.com', 'Heladeria Dolche Gusto', 'Mirar S.A.', 'C/ San Juan 25', '12345', 'La Higuera', '1234567-L', '123123123'),
	(24, 'CaspiAutentico', '12345678', 'alonso.caspi@gmail.com', 'Taperia La Esquinita', 'GestaSur S.L.', 'C/ Estepona 22', '29555', 'Marbella', '27333444-L', ''),
	(34, 'Caspi2', '12345', 'alonso_caspi2@hotmail.com', '', '', '', '', '', '', ''),
	(44, 'tamisa', '1234A', 'correoapolosoft@hotmail.com', '', '', '', '', '', '', ''),
	(54, 'Test', '12345', 'apolosoft@telefonica.net', '', '', '', '', '', '', ''),
	(64, 'test1', 'test', 'apolosoft@telefonica.com', '', '', '', '', '', '', ''),
	(74, 'w', 'w', 'alonso@gmail.com', '', '', '', '', '', '', ''),
	(84, 'Yo', '1234', 'alonso@gmail.com', '', '', '', '', '', '', ''),
	(94, 'CaspiYo', '1234', 'alonso@gmail.com', '', '', '', '', '', '', ''),
	(104, 'SinImpresoras', '1234', 'alonso.caspi@gmail.com', '', '', '', '', '', '', '');
/*!40000 ALTER TABLE `login` ENABLE KEYS */;


-- Volcando estructura para tabla ambrosia.lotes
CREATE TABLE IF NOT EXISTS `lotes` (
  `LoteId` bigint(20) unsigned NOT NULL AUTO_INCREMENT,
  `Momento` datetime DEFAULT NULL,
  `NumeElem` smallint(6) NOT NULL DEFAULT '0',
  `NombCuen` varchar(5) COLLATE latin1_spanish_ci NOT NULL DEFAULT '0',
  `Sesion` tinyint(4) NOT NULL DEFAULT '1',
  PRIMARY KEY (`LoteId`),
  KEY `Sesion` (`Sesion`)
) ENGINE=InnoDB AUTO_INCREMENT=237 DEFAULT CHARSET=latin1 COLLATE=latin1_spanish_ci;

-- Volcando datos para la tabla ambrosia.lotes: ~216 rows (aproximadamente)
/*!40000 ALTER TABLE `lotes` DISABLE KEYS */;
INSERT INTO `lotes` (`LoteId`, `Momento`, `NumeElem`, `NombCuen`, `Sesion`) VALUES
	(2, '2018-01-26 20:56:54', 0, '0', 1),
	(4, '2018-01-27 10:44:07', 2, '0', 1),
	(5, '2018-01-27 10:50:18', 4, '55', 1),
	(9, '2018-01-27 11:03:40', 1, '8', 1),
	(10, '2018-01-27 11:21:31', 1, '89', 1),
	(11, '2018-01-27 11:31:31', 1, '15', 1),
	(12, '2018-01-27 11:37:38', 1, '888', 1),
	(13, '2018-01-27 12:06:15', 3, '44', 1),
	(14, '2018-01-27 12:21:19', 3, '41', 1),
	(16, '2018-01-27 12:29:30', 3, '5', 1),
	(18, '2018-01-27 12:55:02', 2, '55', 1),
	(20, '2018-01-27 13:04:08', 3, '55', 1),
	(21, '2018-01-27 19:05:52', 3, '4', 1),
	(22, '2018-01-27 19:16:32', 3, '5', 1),
	(24, '2018-01-27 19:32:21', 4, '5', 1),
	(25, '2018-01-28 11:11:46', 1, '5', 1),
	(28, '2018-01-28 11:37:10', 1, '5', 1),
	(29, '2018-01-28 11:44:45', 1, '5', 1),
	(34, '2018-01-28 12:53:18', 1, '5', 1),
	(35, '2018-01-28 13:01:02', 1, '5', 1),
	(36, '2018-01-28 13:06:10', 1, '4125', 1),
	(37, '2018-01-28 14:23:43', 1, '5', 1),
	(38, '2018-01-28 14:25:14', 1, '12345', 1),
	(40, '2018-01-28 14:44:38', 1, '12345', 1),
	(42, '2018-01-28 17:29:10', 3, '15', 1),
	(44, '2018-01-28 17:36:35', 2, '6', 1),
	(45, '2018-01-28 17:39:16', 3, '6', 1),
	(46, '2018-01-28 17:40:03', 2, '7', 1),
	(47, '2018-01-28 19:07:28', 2, '5', 1),
	(48, '2018-01-28 19:36:24', 2, '5', 1),
	(49, '2018-01-28 19:43:10', 3, '5', 1),
	(50, '2018-01-28 19:53:20', 3, '5', 1),
	(51, '2018-01-28 20:11:00', 8, '12', 1),
	(52, '2018-01-29 12:16:21', 10, '5', 1),
	(53, '2018-01-29 12:23:24', 8, '5', 1),
	(54, '2018-01-29 12:58:45', 14, '5', 1),
	(55, '2018-01-30 21:45:34', 1, '11111', 1),
	(56, '2018-01-30 21:47:03', 1, '2', 1),
	(57, '2018-01-30 21:54:51', 1, '2', 1),
	(58, '2018-01-30 22:10:03', 4, '5', 1),
	(59, '2018-01-30 22:16:36', 2, '14', 1),
	(60, '2018-01-30 22:26:39', 6, '4', 1),
	(61, '2018-01-30 22:45:49', 2, '5', 1),
	(62, '2018-01-30 22:50:08', 3, '2', 1),
	(63, '2018-01-30 23:01:03', 2, '2', 1),
	(64, '2018-01-30 23:05:26', 2, '5', 1),
	(66, '2018-02-01 19:08:05', 3, '10', 1),
	(67, '2018-02-01 19:12:11', 7, '11', 1),
	(68, '2018-02-03 18:50:15', 1, '4', 1),
	(69, '2018-02-03 18:56:47', 1, '4', 1),
	(70, '2018-02-03 19:18:42', 1, '4', 1),
	(71, '2018-02-03 19:27:55', 1, '4', 1),
	(72, '2018-02-03 19:48:05', 5, '4', 1),
	(73, '2018-02-03 20:30:19', 3, '4', 1),
	(74, '2018-02-03 20:44:27', 3, '7', 1),
	(75, '2018-02-03 20:46:50', 1, '5', 1),
	(76, '2018-02-03 20:58:47', 3, '5', 1),
	(77, '2018-02-03 21:29:18', 1, '5', 1),
	(78, '2018-02-03 21:51:20', 3, '5', 1),
	(79, '2018-02-04 10:18:27', 3, '5', 1),
	(80, '2018-02-09 12:59:10', 1, '4', 1),
	(81, '2018-02-09 12:59:55', 1, '5', 1),
	(82, '2018-02-09 20:32:03', 1, '55', 1),
	(83, '2018-02-09 20:41:37', 1, '555', 1),
	(84, '2018-02-09 20:43:59', 1, '55', 1),
	(85, '2018-02-09 20:56:45', 1, '58', 1),
	(86, '2018-02-09 21:01:18', 1, '55', 1),
	(87, '2018-02-09 21:06:23', 1, '555', 1),
	(88, '2018-02-09 21:17:54', 1, '55', 1),
	(89, '2018-02-09 21:25:01', 1, '58', 1),
	(90, '2018-02-09 21:29:42', 1, '55', 1),
	(91, '2018-02-09 21:42:33', 1, '55', 1),
	(92, '2018-02-10 12:32:51', 1, '47', 1),
	(93, '2018-02-10 12:36:52', 1, '500', 1),
	(94, '2018-02-10 12:44:05', 1, '54', 1),
	(95, '2018-02-10 13:10:49', 2, '48', 1),
	(96, '2018-02-11 11:02:13', 5, '78', 1),
	(97, '2018-02-11 11:03:40', 1, '77', 1),
	(98, '2018-02-11 11:04:32', 1, '76', 1),
	(99, '2018-02-11 11:39:17', 2, '75', 1),
	(100, '2018-02-11 11:47:29', 1, '75', 1),
	(101, '2018-02-11 12:02:00', 2, '75', 1),
	(102, '2018-02-11 12:03:03', 2, '75', 1),
	(103, '2018-02-11 12:33:23', 4, '75', 1),
	(104, '2018-02-11 12:38:29', 1, '75', 1),
	(105, '2018-02-11 19:26:42', 1, '55', 1),
	(106, '2018-02-11 19:33:03', 1, '55', 1),
	(107, '2018-02-11 19:43:17', 1, '77', 1),
	(108, '2018-02-11 19:49:57', 1, '55', 1),
	(109, '2018-02-11 19:57:01', 1, '55', 1),
	(110, '2018-02-11 20:05:23', 2, '50', 1),
	(111, '2018-02-11 22:10:25', 2, '25', 1),
	(112, '2018-02-11 22:11:23', 3, '55', 1),
	(113, '2018-02-12 09:46:21', 4, '54', 1),
	(114, '2018-02-12 09:47:51', 2, '25', 1),
	(115, '2018-02-12 09:52:06', 3, '55', 1),
	(116, '2018-02-12 09:53:13', 1, '5', 1),
	(117, '2018-02-12 10:05:09', 1, '85', 1),
	(118, '2018-02-12 10:06:22', 5, '55', 1),
	(119, '2018-02-12 10:15:22', 1, '55', 1),
	(120, '2018-02-12 10:21:54', 1, '45', 1),
	(121, '2018-02-12 10:22:31', 2, '55', 1),
	(122, '2018-02-12 11:15:47', 1, '55', 1),
	(123, '2018-02-12 11:17:02', 1, '55', 1),
	(124, '2018-02-12 11:17:33', 1, '55', 1),
	(125, '2018-02-12 11:21:32', 1, '55', 1),
	(126, '2018-02-12 11:22:50', 1, '53', 1),
	(127, '2018-02-12 11:27:49', 1, '55', 1),
	(128, '2018-02-12 11:28:53', 1, '58', 1),
	(129, '2018-02-12 11:37:28', 1, '55', 1),
	(130, '2018-02-12 11:38:05', 1, '55', 1),
	(131, '2018-02-12 11:39:11', 1, '55', 1),
	(132, '2018-02-15 20:22:10', 2, '5', 1),
	(133, '2018-02-15 20:23:29', 22, '5', 1),
	(134, '2018-02-15 20:28:56', 8, '52', 1),
	(135, '2018-02-15 20:29:53', 15, '5', 1),
	(136, '2018-02-15 20:32:08', 1, '5', 1),
	(137, '2018-02-15 20:32:33', 2, '5', 1),
	(138, '2018-02-15 20:33:06', 4, '5', 1),
	(139, '2018-02-15 20:33:31', 8, '5', 1),
	(140, '2018-02-15 20:34:06', 12, '5', 1),
	(141, '2018-02-15 20:35:06', 15, '5', 1),
	(142, '2018-02-15 20:59:49', 13, '2', 1),
	(143, '2018-02-15 21:01:11', 15, '5', 1),
	(144, '2018-02-15 21:05:59', 15, '5', 1),
	(145, '2018-02-15 21:22:28', 15, '5', 1),
	(146, '2018-02-15 21:54:26', 15, '5', 1),
	(147, '2018-02-15 22:06:34', 15, '5', 1),
	(148, '2018-02-15 22:12:47', 15, '5', 1),
	(149, '2018-02-15 22:16:54', 15, '5', 1),
	(150, '2018-02-16 10:26:55', 15, '5', 1),
	(151, '2018-02-16 10:42:25', 15, '5', 1),
	(152, '2018-02-16 10:53:53', 15, '5', 1),
	(153, '2018-02-16 19:24:20', 1, '15', 1),
	(154, '2018-02-16 20:24:22', 1, '5', 1),
	(155, '2018-02-16 20:25:33', 1, '5', 1),
	(156, '2018-02-17 12:26:02', 6, '5', 1),
	(157, '2018-02-17 12:26:50', 1, '4', 1),
	(158, '2018-02-17 12:36:24', 4, '5', 1),
	(159, '2018-02-17 12:37:04', 4, '4', 1),
	(160, '2018-02-17 12:40:45', 3, '5', 1),
	(161, '2018-02-17 12:46:19', 1, '4', 1),
	(162, '2018-02-17 13:02:40', 1, '7', 1),
	(163, '2018-02-17 13:05:16', 1, '2', 1),
	(164, '2018-02-17 13:06:25', 1, '2', 1),
	(165, '2018-02-17 13:10:17', 1, '5', 1),
	(166, '2018-02-17 13:10:33', 1, '5', 1),
	(167, '2018-02-17 13:32:15', 1, '5', 1),
	(168, '2018-02-17 14:43:04', 1, '6', 1),
	(169, '2018-02-17 18:24:08', 1, '5', 1),
	(170, '2018-02-17 18:25:03', 1, '4', 1),
	(171, '2018-02-17 18:27:23', 1, '4', 1),
	(172, '2018-02-17 18:28:10', 1, '5', 1),
	(173, '2018-02-17 18:36:42', 1, '4', 1),
	(174, '2018-02-17 18:38:52', 1, '8', 1),
	(175, '2018-02-17 18:49:36', 1, '5', 1),
	(176, '2018-02-17 18:51:31', 1, '7', 1),
	(177, '2018-02-17 19:00:32', 1, '8', 1),
	(178, '2018-02-17 19:02:22', 1, '9', 1),
	(179, '2018-02-17 19:04:48', 1, '5', 1),
	(180, '2018-02-17 19:06:04', 1, '5', 1),
	(181, '2018-02-17 19:10:19', 1, '5', 1),
	(182, '2018-02-17 19:11:04', 1, '56', 1),
	(183, '2018-02-17 19:16:54', 1, '4', 1),
	(184, '2018-02-17 19:17:34', 1, '5', 1),
	(185, '2018-02-17 19:18:30', 1, '5', 1),
	(186, '2018-02-17 20:14:20', 1, '5', 1),
	(187, '2018-02-17 20:18:26', 1, '5', 1),
	(188, '2018-02-17 20:20:06', 1, '2', 1),
	(189, '2018-02-17 20:22:14', 1, '5', 1),
	(190, '2018-02-17 20:27:43', 1, '6', 1),
	(191, '2018-02-17 20:40:54', 1, '5', 1),
	(192, '2018-02-17 20:42:01', 1, '1', 1),
	(193, '2018-02-17 20:51:53', 1, '5', 1),
	(194, '2018-02-17 20:52:23', 1, '5', 1),
	(195, '2018-02-17 20:52:51', 1, '5', 1),
	(196, '2018-02-17 20:54:25', 1, '5', 1),
	(197, '2018-02-17 20:56:55', 1, '47', 1),
	(198, '2018-02-17 21:13:22', 1, '8', 1),
	(199, '2018-02-17 21:14:55', 1, '5', 1),
	(200, '2018-02-18 10:43:44', 3, '1', 1),
	(201, '2018-02-18 10:45:14', 1, '5', 1),
	(202, '2018-02-18 10:52:17', 1, '9', 1),
	(203, '2018-02-18 11:02:20', 1, '6', 1),
	(204, '2018-02-18 11:03:59', 1, '5', 1),
	(205, '2018-02-18 11:07:00', 1, '7', 1),
	(206, '2018-02-18 11:07:59', 1, '2', 1),
	(207, '2018-02-18 11:12:03', 1, '5', 1),
	(208, '2018-02-18 11:12:43', 1, '555', 1),
	(209, '2018-02-18 11:25:18', 1, '4', 1),
	(210, '2018-02-18 11:25:43', 1, '6', 1),
	(211, '2018-02-18 11:27:55', 1, '8', 1),
	(212, '2018-02-18 11:37:41', 1, '5', 1),
	(213, '2018-02-18 11:38:20', 1, '4', 1),
	(214, '2018-02-18 11:39:53', 1, '2', 1),
	(215, '2018-02-18 11:41:09', 1, '5', 1),
	(216, '2018-02-18 11:57:50', 1, '8', 1),
	(217, '2018-02-18 19:46:08', 3, '4', 1),
	(218, '2018-02-18 19:47:39', 5, '1', 1),
	(219, '2018-02-18 19:49:15', 1, '8', 1),
	(220, '2018-02-20 10:40:30', 5, '5', 1),
	(221, '2018-02-20 10:50:29', 5, '5', 1),
	(222, '2018-02-20 10:52:33', 5, '5', 1),
	(223, '2018-02-20 10:58:15', 5, '5', 1),
	(224, '2018-02-20 11:12:40', 5, '5', 1),
	(225, '2018-03-04 19:59:34', 2, '10', 1),
	(226, '2018-03-04 20:00:56', 1, '100', 1),
	(227, '2018-03-04 20:01:40', 1, '111', 1),
	(228, '2018-03-04 20:06:42', 3, '10', 1),
	(229, '2018-03-05 11:36:10', 4, '15', 1),
	(230, '2018-03-05 11:38:54', 1, '20', 1),
	(231, '2018-03-05 11:40:03', 2, '5', 1),
	(232, '2018-06-19 11:16:40', 2, '5', 1),
	(233, '2018-06-20 10:22:11', 5, '5', 1),
	(234, '2018-06-20 19:17:10', 6, '5', 1),
	(235, '2018-07-15 18:30:36', 9, '8', 1),
	(236, '2018-07-29 11:37:19', 5, '5', 1);
/*!40000 ALTER TABLE `lotes` ENABLE KEYS */;


-- Volcando estructura para tabla ambrosia.terminalconfig
CREATE TABLE IF NOT EXISTS `terminalconfig` (
  `ElementoId` int(11) NOT NULL,
  `NombreTerminal` varchar(30) NOT NULL
) ENGINE=InnoDB DEFAULT CHARSET=utf8;

-- Volcando datos para la tabla ambrosia.terminalconfig: ~7 rows (aproximadamente)
/*!40000 ALTER TABLE `terminalconfig` DISABLE KEYS */;
INSERT INTO `terminalconfig` (`ElementoId`, `NombreTerminal`) VALUES
	(2194, 'Terminal-Cocina'),
	(2194, 'Terminal-Primeros'),
	(2194, 'Terminal-Segundos'),
	(6435, 'Terminal-Cocina'),
	(6435, 'Terminal-Postres'),
	(6442, 'Terminal-Espetos'),
	(6449, 'Terminal-Cocina');
/*!40000 ALTER TABLE `terminalconfig` ENABLE KEYS */;


-- Volcando estructura para tabla ambrosia.terminales
CREATE TABLE IF NOT EXISTS `terminales` (
  `TerminalId` int(11) NOT NULL AUTO_INCREMENT,
  `NombreTerminal` varchar(30) NOT NULL,
  PRIMARY KEY (`TerminalId`)
) ENGINE=InnoDB AUTO_INCREMENT=185 DEFAULT CHARSET=utf8;

-- Volcando datos para la tabla ambrosia.terminales: ~7 rows (aproximadamente)
/*!40000 ALTER TABLE `terminales` DISABLE KEYS */;
INSERT INTO `terminales` (`TerminalId`, `NombreTerminal`) VALUES
	(74, 'Terminal-Barra'),
	(84, 'Terminal-Caja'),
	(94, 'Terminal-Cocina'),
	(154, 'Terminal-Primeros'),
	(164, 'Terminal-Segundos'),
	(174, 'Terminal-Postres'),
	(184, 'Terminal-Espetos');
/*!40000 ALTER TABLE `terminales` ENABLE KEYS */;
/*!40101 SET SQL_MODE=IFNULL(@OLD_SQL_MODE, '') */;
/*!40014 SET FOREIGN_KEY_CHECKS=IF(@OLD_FOREIGN_KEY_CHECKS IS NULL, 1, @OLD_FOREIGN_KEY_CHECKS) */;
/*!40101 SET CHARACTER_SET_CLIENT=@OLD_CHARACTER_SET_CLIENT */;
