-- --------------------------------------------------------
-- Host:                         127.0.0.1
-- Versión del servidor:         5.5.8 - MySQL Community Server (GPL)
-- SO del servidor:              Win32
-- HeidiSQL Versión:             8.3.0.4694
-- --------------------------------------------------------

/*!40101 SET @OLD_CHARACTER_SET_CLIENT=@@CHARACTER_SET_CLIENT */;
/*!40101 SET NAMES utf8 */;
/*!40014 SET @OLD_FOREIGN_KEY_CHECKS=@@FOREIGN_KEY_CHECKS, FOREIGN_KEY_CHECKS=0 */;
/*!40101 SET @OLD_SQL_MODE=@@SQL_MODE, SQL_MODE='NO_AUTO_VALUE_ON_ZERO' */;

-- Volcando estructura para tabla ambrosia.elementos
CREATE TABLE IF NOT EXISTS `elementos` (
  `ElementoId` int(11) NOT NULL AUTO_INCREMENT,
  `PadreId` int(11) NOT NULL,
  `CompanyId` int(11) NOT NULL,
  `Descripcion` varchar(100) NOT NULL,
  `Precio` decimal(10,2) NOT NULL,
  `Impuesto` decimal(10,2) NOT NULL,
  `ImprimirEnFactura` tinyint(4) NOT NULL,
  `ImprimirEnComanda` tinyint(4) NOT NULL,
  `ColorLetras` varchar(7) NOT NULL,
  `ColorFondo` varchar(7) NOT NULL,
  `TieneImpresora` tinyint(4) NOT NULL,
  `TieneTerminal` tinyint(4) NOT NULL,
  `PathImg` varchar(200) NOT NULL,
  `Final` tinyint(4) NOT NULL DEFAULT '0',
  PRIMARY KEY (`ElementoId`)
) ENGINE=InnoDB AUTO_INCREMENT=6450 DEFAULT CHARSET=utf8;

-- Volcando datos para la tabla ambrosia.elementos: ~44 rows (aproximadamente)
/*!40000 ALTER TABLE `elementos` DISABLE KEYS */;
INSERT INTO `elementos` (`ElementoId`, `PadreId`, `CompanyId`, `Descripcion`, `Precio`, `Impuesto`, `ImprimirEnFactura`, `ImprimirEnComanda`, `ColorLetras`, `ColorFondo`, `TieneImpresora`, `TieneTerminal`, `PathImg`, `Final`) VALUES
	(2194, 0, 4, 'Menu del Dia', 0.00, 0.00, 1, 1, '#000000', '#f0870c', 1, 1, 'C:\\AmbrosiaClient\\Img\\menu.png', 1),
	(2204, 0, 4, 'Postres', 0.00, 0.00, 0, 0, '#fcfcfc', '#e6197b', 1, 1, 'C:\\AmbrosiaClient\\Img\\postres.jpg', 0),
	(2214, 0, 4, 'Carnes', 0.00, 0.00, 1, 1, '#d42424', '#de9b14', 0, 0, 'C:\\AmbrosiaClient\\Img\\meat.png', 0),
	(3104, 0, 4, 'Ensaladas', 0.00, 0.00, 0, 0, '#d42424', '#de9b14', 0, 0, 'C:\\AmbrosiaClient\\Img\\salads.png', 0),
	(3114, 0, 4, 'Licores', 0.00, 0.00, 0, 0, '#000000', '#0cf067', 1, 1, 'C:\\AmbrosiaClient\\Img\\licores.png', 0),
	(6372, 0, 4, 'Hamburguesas', 12.00, 7.00, 1, 1, '#000000', '#e05e14', 1, 1, 'C:\\AmbrosiaClient\\Img\\hamburguesas.png', 0),
	(6408, 6421, 4, 'Cafe con leche', 2.00, 10.00, 1, 1, '#000000', '#f00c87', 1, 1, 'C:\\AmbrosiaClient\\Img\\cafeleche.jpg', 1),
	(6411, 2194, 4, 'Primeros Menus', 0.00, 0.00, 0, 1, '#000000', '#e68515', 1, 1, 'C:\\AmbrosiaClient\\Img\\primeros.png', 1),
	(6412, 6411, 4, 'Ensalada Mixta', 0.00, 0.00, 0, 1, '#000000', '#f57e11', 1, 1, 'C:\\AmbrosiaClient\\Img\\ensaladamixta.jpg', 1),
	(6413, 6411, 4, 'Sopa de Verduras', 0.00, 0.00, 0, 1, '#000000', '#ed7c13', 1, 1, 'C:\\AmbrosiaClient\\Img\\sopaverduras.jpg', 1),
	(6415, 6411, 4, 'Crema de Tomate', 0.00, 0.00, 0, 1, '#000000', '#ed7c13', 1, 1, 'C:\\AmbrosiaClient\\Img\\sopatomate.jpg', 1),
	(6416, 2194, 4, 'Segundos Menus', 0.00, 0.00, 0, 1, '#000000', '#ed7c13', 1, 1, 'C:\\AmbrosiaClient\\Img\\segundos.jpg', 1),
	(6417, 6411, 4, 'Crema de Champiñon', 0.00, 0.00, 0, 1, '#000000', '#eb9310', 1, 1, 'C:\\AmbrosiaClient\\Img\\sopachampi.jpg', 1),
	(6418, 0, 4, 'Vinos', 0.00, 0.00, 0, 0, '#000000', '#e81548', 0, 0, 'C:\\AmbrosiaClient\\Img\\vinos.png', 0),
	(6420, 2214, 4, 'Chuletas Cerdo', 12.00, 10.00, 1, 1, '#000000', '#e6177a', 1, 1, 'C:\\AmbrosiaClient\\Img\\chuletacerdo.png', 1),
	(6421, 0, 4, 'Cafes', 0.00, 0.00, 0, 0, '#000000', '#17e61f', 0, 0, 'C:\\AmbrosiaClient\\Img\\cafes.jpg', 0),
	(6422, -1, 4, 'Con Hielo', 0.00, 0.00, 0, 1, '#000000', '#e6177a', 1, 1, '', 0),
	(6423, 6421, 4, 'Cafe Solo', 2.00, 10.00, 1, 1, '#000000', '#f00c87', 1, 1, 'C:\\AmbrosiaClient\\Img\\cafesolo.png', 1),
	(6424, 6423, 4, 'Con Hielo', 0.00, 0.00, 0, 1, '#000000', '#e6177a', 1, 1, 'C:\\AmbrosiaClient\\Img\\hielo.jpg', 1),
	(6425, 3114, 4, 'Pacharan', 5.00, 10.00, 1, 1, '#ebdada', '#4b13eb', 1, 1, 'C:\\AmbrosiaClient\\Img\\pacharan.jpg', 1),
	(6426, 6416, 4, 'Pollo Asado', 0.00, 0.00, 0, 1, '#ebdada', '#4b13eb', 1, 1, 'C:\\AmbrosiaClient\\Img\\polloasado.png', 1),
	(6427, -1, 4, 'Sin Salsa', 0.00, 0.00, 0, 1, '#ebdada', '#4b13eb', 1, 1, '', 0),
	(6428, 6426, 4, 'Sin Salsa', 0.00, 0.00, 0, 1, '#ebdada', '#4b13eb', 1, 1, 'C:\\AmbrosiaClient\\Img\\sinsalsa.png', 1),
	(6429, -1, 4, 'Extra Tomate', 0.00, 0.00, 0, 1, '#ebdada', '#4b13eb', 1, 1, '', 0),
	(6430, 6412, 4, 'Extra Tomate', 0.00, 0.00, 0, 1, '#ebdada', '#4b13eb', 1, 1, 'C:\\AmbrosiaClient\\Img\\extratomate.png', 1),
	(6431, -1, 4, 'Taza', 0.00, 0.00, 0, 1, '#000000', '#15eb91', 1, 1, '', 0),
	(6432, 6408, 4, 'Taza', 0.00, 0.00, 0, 1, '#000000', '#15eb91', 1, 1, 'C:\\AmbrosiaClient\\Img\\taza.jpg', 1),
	(6433, 6423, 4, 'Taza', 0.00, 0.00, 0, 1, '#000000', '#15eb91', 1, 1, 'C:\\AmbrosiaClient\\Img\\taza.jpg', 1),
	(6434, 6416, 4, 'Calamares', 8.00, 10.00, 1, 1, '#000000', '#f0d911', 1, 1, 'C:\\AmbrosiaClient\\Img\\calamares.jpg', 1),
	(6435, 2204, 4, 'Flan de la Casa', 3.50, 10.00, 1, 1, '#000000', '#0eed3f', 1, 1, 'C:\\AmbrosiaClient\\Img\\flan.png', 1),
	(6436, 3104, 4, 'Ensalada Mixta', 4.50, 10.00, 1, 1, '#000000', '#0eed3f', 1, 1, 'C:\\AmbrosiaClient\\Img\\ensaladamixta.jpg', 1),
	(6437, 0, 4, 'Bebidas', 0.00, 0.00, 0, 0, '#000000', '#0eed3f', 0, 0, 'C:\\AmbrosiaClient\\Img\\bebidas.png', 0),
	(6438, 6437, 4, 'Canna ', 1.50, 10.00, 1, 1, '#000000', '#0eed3f', 1, 1, 'C:\\AmbrosiaClient\\Img\\canna.jpg', 1),
	(6439, 2204, 4, 'Helado triple sabor', 2.50, 10.00, 1, 1, '#968738', '#573708', 1, 1, 'C:\\AmbrosiaClient\\Img\\heladotripe.png', 1),
	(6440, 6439, 4, 'Birutas de almendra', 0.00, 0.00, 0, 1, '#191916', '#db8b12', 1, 1, 'C:\\AmbrosiaClient\\Img\\almendra.jpg', 1),
	(6441, 6437, 4, 'Gyn tonyc', 3.00, 10.00, 1, 1, '#f0cb0a', '#f7f7f7', 1, 1, 'C:\\AmbrosiaClient\\Img\\gintonic.jpg', 1),
	(6442, 6416, 4, 'Sardinas', 6.00, 10.00, 1, 1, '#191917', '#4c4d49', 1, 1, 'C:\\AmbrosiaClient\\Img\\sardinas.jpg', 1),
	(6443, 6416, 4, 'Spaguetis', 0.00, 10.00, 0, 1, '#ad982a', '#f53207', 1, 1, 'C:\\AmbrosiaClient\\Img\\espagueti.jpg', 1),
	(6444, 6443, 4, 'Extra Tomate', 0.00, 0.00, 0, 1, '#ebdada', '#4b13eb', 1, 1, 'C:\\AmbrosiaClient\\Img\\extratomate.png', 1),
	(6445, 3114, 4, 'Licor de moras', 3.73, 10.00, 1, 1, '#f5eb00', '#071ff5', 1, 1, 'C:\\AmbrosiaClient\\Img\\licormoras.jpg', 1),
	(6446, -1, 4, 'Sin Cebolla', 0.00, 0.00, 0, 1, '#000000', '#35eb17', 1, 1, '', 0),
	(6447, 6412, 4, 'Sin Cebolla', 0.00, 0.00, 0, 1, '#000000', '#35eb17', 1, 1, '', 1),
	(6448, 6437, 4, 'Bt San Miguel', 2.50, 10.00, 1, 1, '#000000', '#35eb17', 1, 1, 'C:\\AmbrosiaClient\\Img\\sanmiguel.jpg', 1),
	(6449, 6435, 4, 'Extra Nata', 0.50, 10.00, 0, 1, '#000000', '#35eb17', 1, 1, 'C:\\AmbrosiaClient\\Img\\extracream.png', 1);
/*!40000 ALTER TABLE `elementos` ENABLE KEYS */;


-- Volcando estructura para tabla ambrosia.empleados
CREATE TABLE IF NOT EXISTS `empleados` (
  `EmpleadoId` int(11) NOT NULL AUTO_INCREMENT,
  `NombreEmpleado` varchar(30) NOT NULL,
  `ClaveEmpleado` varchar(20) NOT NULL,
  `CompanyId` int(11) NOT NULL,
  PRIMARY KEY (`EmpleadoId`)
) ENGINE=InnoDB AUTO_INCREMENT=95 DEFAULT CHARSET=utf8;

-- Volcando datos para la tabla ambrosia.empleados: ~5 rows (aproximadamente)
/*!40000 ALTER TABLE `empleados` DISABLE KEYS */;
INSERT INTO `empleados` (`EmpleadoId`, `NombreEmpleado`, `ClaveEmpleado`, `CompanyId`) VALUES
	(34, 'Roberto', '1234', 34),
	(64, 'Sandra', '1234', 4),
	(74, 'Antonio', '1234', 4),
	(84, 'Juan', '1234', 4),
	(94, 'Lopez', '1234', 4);
/*!40000 ALTER TABLE `empleados` ENABLE KEYS */;


-- Volcando estructura para tabla ambrosia.impresoraconfig
CREATE TABLE IF NOT EXISTS `impresoraconfig` (
  `ElementoId` int(11) NOT NULL,
  `NombreImpresora` varchar(30) NOT NULL
) ENGINE=InnoDB DEFAULT CHARSET=utf8;

-- Volcando datos para la tabla ambrosia.impresoraconfig: ~930 rows (aproximadamente)
/*!40000 ALTER TABLE `impresoraconfig` DISABLE KEYS */;
INSERT INTO `impresoraconfig` (`ElementoId`, `NombreImpresora`) VALUES
	(104, 'undefined'),
	(104, 'undefined'),
	(104, 'undefined'),
	(114, 'undefined'),
	(114, 'undefined'),
	(114, 'undefined'),
	(124, 'undefined'),
	(124, 'undefined'),
	(124, 'undefined'),
	(144, 'Cocina-Postres'),
	(144, 'Cocina-Postres'),
	(144, 'Cocina-Postres'),
	(154, 'Cocina-Postres'),
	(154, 'Cocina-Postres'),
	(154, 'Cocina-Postres'),
	(194, 'Cocina-Primeros'),
	(194, 'Cocina-Postres'),
	(194, 'Cocina-Segundos'),
	(204, 'Cocina-Primeros'),
	(234, 'Cocina-Primeros'),
	(244, 'Cocina-Primeros'),
	(254, 'Cocina-Primeros'),
	(274, 'Cocina-Primeros'),
	(274, 'Cocina-Segundos'),
	(284, 'Cocina-Primeros'),
	(284, 'Cocina-Segundos'),
	(274, 'Cocina-Postres'),
	(284, 'Cocina-Postres'),
	(294, 'Cocina-Primeros'),
	(294, 'Cocina-Segundos'),
	(294, 'Cocina-Postres'),
	(304, 'Cocina-Primeros'),
	(304, 'Cocina-Segundos'),
	(304, 'Cocina-Postres'),
	(314, 'Cocina-Primeros'),
	(314, 'Cocina-Segundos'),
	(324, 'Cocina-Primeros'),
	(324, 'Cocina-Segundos'),
	(314, 'Cocina-Postres'),
	(324, 'Cocina-Postres'),
	(364, 'Cocina-Primeros'),
	(374, 'Cocina-Primeros'),
	(384, 'Cocina-Primeros'),
	(394, 'Cocina-Primeros'),
	(444, 'Cocina-Primeros'),
	(444, 'Cocina-Segundos'),
	(444, 'Cocina-Postres'),
	(454, 'Cocina-Primeros'),
	(454, 'Cocina-Segundos'),
	(454, 'Cocina-Postres'),
	(464, 'Cocina-Primeros'),
	(474, 'Cocina-Primeros'),
	(494, 'Cocina-Segundos'),
	(494, 'Cocina-Primeros'),
	(484, 'Cocina-Segundos'),
	(484, 'Cocina-Primeros'),
	(514, 'Cocina-Primeros'),
	(514, 'Cocina-Segundos'),
	(504, 'Cocina-Primeros'),
	(504, 'Cocina-Segundos'),
	(534, 'Cocina-Primeros'),
	(534, 'Cocina-Segundos'),
	(534, 'Cocina-Postres'),
	(544, 'Cocina-Primeros'),
	(554, 'Cocina-Primeros'),
	(564, 'Cocina-Primeros'),
	(564, 'Cocina-Segundos'),
	(574, 'Cocina-Primeros'),
	(574, 'Cocina-Segundos'),
	(584, 'Cocina-Primeros'),
	(584, 'Cocina-Segundos'),
	(594, 'Cocina-Primeros'),
	(594, 'Cocina-Segundos'),
	(584, 'Cocina-Postres'),
	(604, 'Cocina-Primeros'),
	(614, 'Cocina-Primeros'),
	(624, 'Cocina-Primeros'),
	(624, 'Cocina-Segundos'),
	(634, 'Cocina-Primeros'),
	(634, 'Cocina-Segundos'),
	(644, 'Cocina-Primeros'),
	(654, 'Cocina-Primeros'),
	(664, 'Cocina-Postres'),
	(664, 'Cocina-Primeros'),
	(664, 'Cocina-Segundos'),
	(674, 'Cocina-Primeros'),
	(674, 'Cocina-Postres'),
	(674, 'Cocina-Segundos'),
	(684, 'Cocina-Segundos'),
	(684, 'Cocina-Primeros'),
	(684, 'Cocina-Postres'),
	(704, 'Cocina-Primeros'),
	(704, 'Cocina-Segundos'),
	(704, 'Cocina-Postres'),
	(714, 'Cocina-Primeros'),
	(714, 'Cocina-Segundos'),
	(1, 'Print1'),
	(1, 'Print2'),
	(1, 'Print3'),
	(1, 'Print4'),
	(1, 'Print5'),
	(1, 'Print6'),
	(1, 'Print7'),
	(1, 'Print8'),
	(1, 'Print9'),
	(1, 'Print10'),
	(1, 'Print11'),
	(1, 'Print12'),
	(1, 'Print1'),
	(1, 'Print2'),
	(1, 'Print3'),
	(1, 'Print4'),
	(1, 'Print5'),
	(1, 'Print6'),
	(1, 'Print7'),
	(1, 'Print8'),
	(1, 'Print9'),
	(1, 'Print10'),
	(1, 'Print11'),
	(1, 'Print12'),
	(1, 'Print1'),
	(1, 'Print2'),
	(1, 'Print3'),
	(1, 'Print4'),
	(1, 'Print5'),
	(1, 'Print6'),
	(1, 'Print7'),
	(1, 'Print8'),
	(1, 'Print9'),
	(1, 'Print10'),
	(1, 'Print11'),
	(1, 'Print12'),
	(764, 'Cocina-Primeros'),
	(764, 'Cocina-Segundos'),
	(764, 'Cocina-Postres'),
	(774, 'Cocina-Primeros'),
	(774, 'Cocina-Segundos'),
	(774, 'Cocina-Postres'),
	(784, 'Cocina-Primeros'),
	(794, 'Cocina-Primeros'),
	(784, 'Cocina-Segundos'),
	(794, 'Cocina-Segundos'),
	(784, 'Cocina-Postres'),
	(784, 'Caja'),
	(794, 'Cocina-Postres'),
	(794, 'Caja'),
	(794, 'Barra'),
	(794, 'Cocina'),
	(784, 'Barra'),
	(784, 'Cocina'),
	(804, 'Cocina-Primeros'),
	(814, 'Cocina-Primeros'),
	(804, 'Cocina-Segundos'),
	(814, 'Cocina-Segundos'),
	(814, 'Cocina-Postres'),
	(814, 'Caja'),
	(804, 'Cocina-Postres'),
	(814, 'Barra'),
	(804, 'Caja'),
	(814, 'Cocina'),
	(804, 'Barra'),
	(804, 'Cocina'),
	(844, 'Cocina-Primeros'),
	(844, 'Caja'),
	(884, 'Cocina-Primeros'),
	(874, 'Cocina-Primeros'),
	(884, 'Caja'),
	(874, 'Caja'),
	(974, 'Barra'),
	(974, 'Barra'),
	(994, 'Cocina-Primeros'),
	(994, 'Caja'),
	(1004, 'Cocina-Primeros'),
	(1004, 'Caja'),
	(1014, 'Cocina-Segundos'),
	(1014, 'Cocina'),
	(1024, 'Cocina'),
	(1024, 'Cocina'),
	(1034, 'Cocina-Segundos'),
	(1034, 'Cocina'),
	(1044, 'Barra'),
	(1044, 'Barra'),
	(1074, 'Cocina'),
	(1074, 'Cocina'),
	(1084, 'Barra'),
	(1084, 'Caja'),
	(1094, 'Caja'),
	(1104, 'Barra'),
	(1104, 'Cocina'),
	(1104, 'Barra'),
	(1174, 'Barra'),
	(1174, 'Cocina'),
	(1174, 'Caja'),
	(1224, 'Barra'),
	(1224, 'Caja'),
	(1234, 'Barra'),
	(1234, 'Caja'),
	(1254, 'Cocina'),
	(1214, 'Test4'),
	(984, 'Barra'),
	(1294, 'Cocina'),
	(1304, 'Cocina'),
	(1314, 'Cocina'),
	(1324, 'Cocina'),
	(1334, 'Cocina'),
	(1344, 'Cocina'),
	(1354, 'Cocina'),
	(1384, 'Cocina'),
	(1404, 'Cocina'),
	(1414, 'Cocina'),
	(1424, 'Cocina'),
	(1364, 'Cocina'),
	(1434, 'Cocina'),
	(1444, 'Cocina'),
	(1454, 'Cocina'),
	(1494, 'Cocina'),
	(1504, 'Cocina'),
	(1514, 'Cocina'),
	(1534, 'Cocina'),
	(1534, 'Cocina-Segundos'),
	(1534, 'Barra'),
	(1574, 'Cocina'),
	(1574, 'Cocina-Segundos'),
	(1574, 'Barra'),
	(1584, 'Cocina'),
	(1584, 'Cocina-Segundos'),
	(1584, 'Barra'),
	(0, 'Cocina'),
	(0, 'Cocina-Segundos'),
	(0, 'Barra'),
	(1624, 'Cocina'),
	(1624, 'Cocina-Segundos'),
	(1624, 'Barra'),
	(1634, 'Cocina'),
	(1634, 'Cocina-Segundos'),
	(1634, 'Barra'),
	(34, 'Cocina'),
	(34, 'Cocina-Segundos'),
	(34, 'Barra'),
	(1694, 'Cocina'),
	(1684, 'Cocina'),
	(1704, 'Cocina'),
	(1374, 'Barra'),
	(1464, 'Cocina'),
	(1464, 'Cocina-Segundos'),
	(1464, 'Barra'),
	(1734, 'Cocina'),
	(1734, 'Cocina-Segundos'),
	(1734, 'Barra'),
	(1474, 'Cocina'),
	(1474, 'Cocina-Segundos'),
	(1474, 'Barra'),
	(1754, 'Cocina'),
	(1754, 'Cocina-Segundos'),
	(1754, 'Barra'),
	(1764, 'Cocina'),
	(1764, 'Cocina-Segundos'),
	(1764, 'Barra'),
	(1804, 'Cocina'),
	(1804, 'Cocina-Segundos'),
	(1804, 'Barra'),
	(1814, 'Cocina'),
	(1864, 'Barra'),
	(1794, 'Barra'),
	(1874, 'Cocina'),
	(1874, 'Cocina-Segundos'),
	(1874, 'Barra'),
	(1884, 'Cocina-Primeros'),
	(1884, 'Cocina-Segundos'),
	(1884, 'Cocina-Postres'),
	(1884, 'Caja'),
	(1884, 'Barra'),
	(1884, 'Cocina'),
	(1834, 'Cocina'),
	(1834, 'Cocina-Segundos'),
	(1834, 'Barra'),
	(1894, 'Cocina'),
	(1894, 'Cocina-Segundos'),
	(1894, 'Barra'),
	(1904, 'Cocina'),
	(1904, 'Cocina-Segundos'),
	(1904, 'Barra'),
	(1914, 'Cocina'),
	(1914, 'Cocina-Segundos'),
	(1914, 'Barra'),
	(1924, 'Cocina'),
	(1924, 'Cocina-Segundos'),
	(1924, 'Barra'),
	(1974, 'Cocina'),
	(1984, 'Barra'),
	(1994, 'Cocina'),
	(2004, 'Barra'),
	(2014, 'Barra'),
	(2034, 'Cocina'),
	(2054, 'Barra'),
	(2064, 'Barra'),
	(2074, 'Barra'),
	(2084, 'Barra'),
	(2094, 'Barra'),
	(2104, 'Cocina'),
	(2104, 'Cocina-Segundos'),
	(2104, 'Barra'),
	(1844, 'Cocina'),
	(2124, 'Cocina'),
	(2124, 'Cocina-Segundos'),
	(2124, 'Barra'),
	(2234, 'Barra'),
	(2244, 'Cocina'),
	(2264, 'Barra'),
	(2304, 'Cocina'),
	(2304, 'Cocina-Segundos'),
	(2304, 'Barra'),
	(2314, 'Cocina'),
	(2314, 'Cocina-Segundos'),
	(2314, 'Barra'),
	(2354, 'Cocina-Primeros'),
	(2354, 'Cocina-Segundos'),
	(2354, 'Cocina-Postres'),
	(2354, 'Caja'),
	(2354, 'Barra'),
	(2354, 'Cocina'),
	(2364, 'Cocina-Primeros'),
	(2364, 'Cocina-Segundos'),
	(2364, 'Cocina-Postres'),
	(2364, 'Caja'),
	(2364, 'Barra'),
	(2364, 'Cocina'),
	(2374, 'Cocina'),
	(2374, 'Cocina-Segundos'),
	(2374, 'Barra'),
	(2424, 'Cocina'),
	(2424, 'Cocina-Segundos'),
	(2424, 'Barra'),
	(2464, 'Cocina-Primeros'),
	(2464, 'Cocina-Segundos'),
	(2464, 'Cocina-Postres'),
	(2464, 'Caja'),
	(2464, 'Barra'),
	(2464, 'Cocina'),
	(2494, 'Cocina'),
	(2504, 'Barra'),
	(2534, 'Cocina'),
	(2534, 'Cocina-Segundos'),
	(2534, 'Barra'),
	(2514, 'Barra'),
	(2564, 'Cocina'),
	(2524, 'Cocina'),
	(2524, 'Cocina-Segundos'),
	(2524, 'Barra'),
	(2574, 'Barra'),
	(2604, 'Cocina'),
	(2604, 'Cocina-Segundos'),
	(2604, 'Barra'),
	(2594, 'Cocina'),
	(2594, 'Cocina-Segundos'),
	(2594, 'Barra'),
	(2614, 'Barra'),
	(2584, 'Barra'),
	(2624, 'Barra'),
	(2644, 'Cocina'),
	(2684, 'Cocina'),
	(2684, 'Cocina-Segundos'),
	(2684, 'Barra'),
	(2714, 'Cocina'),
	(2674, 'Cocina'),
	(2674, 'Cocina-Segundos'),
	(2674, 'Barra'),
	(2704, 'Barra'),
	(2694, 'Barra'),
	(2764, 'Barra'),
	(2784, 'Barra'),
	(2774, 'Cocina'),
	(2774, 'Cocina-Segundos'),
	(2774, 'Barra'),
	(2794, 'Cocina'),
	(2794, 'Cocina-Segundos'),
	(2794, 'Barra'),
	(2824, 'Barra'),
	(2814, 'Barra'),
	(2804, 'Cocina'),
	(2934, 'Barra'),
	(2944, 'Barra'),
	(2954, 'Cocina'),
	(2954, 'Cocina-Segundos'),
	(2954, 'Barra'),
	(2964, 'Cocina'),
	(2964, 'Cocina-Segundos'),
	(2964, 'Barra'),
	(2974, 'Cocina'),
	(2984, 'Barra'),
	(3144, 'Barra'),
	(3164, 'Barra'),
	(3174, 'Cocina'),
	(3174, 'Cocina-Segundos'),
	(3174, 'Barra'),
	(3304, 'Cocina'),
	(3184, 'Cocina'),
	(3184, 'Cocina-Segundos'),
	(3184, 'Barra'),
	(3194, 'Barra'),
	(3334, 'Barra'),
	(3344, 'Barra'),
	(3354, 'Cocina'),
	(3354, 'Cocina-Segundos'),
	(3354, 'Barra'),
	(3364, 'Cocina'),
	(3364, 'Cocina-Segundos'),
	(3364, 'Barra'),
	(3374, 'Cocina'),
	(3384, 'Barra'),
	(3494, 'Barra'),
	(3504, 'Barra'),
	(3514, 'Cocina'),
	(3514, 'Cocina-Segundos'),
	(3514, 'Barra'),
	(3524, 'Cocina'),
	(3524, 'Cocina-Segundos'),
	(3524, 'Barra'),
	(3544, 'Cocina'),
	(3534, 'Cocina'),
	(3534, 'Cocina-Segundos'),
	(3534, 'Barra'),
	(3554, 'Barra'),
	(3564, 'Barra'),
	(3664, 'Barra'),
	(3734, 'Cocina'),
	(3734, 'Cocina-Segundos'),
	(3734, 'Barra'),
	(3744, 'Barra'),
	(3754, 'Barra'),
	(3764, 'Barra'),
	(3774, 'Cocina'),
	(3774, 'Cocina-Segundos'),
	(3774, 'Barra'),
	(3784, 'Cocina'),
	(3804, 'Cocina'),
	(3804, 'Cocina-Segundos'),
	(3804, 'Barra'),
	(3844, 'Barra'),
	(3864, 'Cocina'),
	(3864, 'Cocina-Segundos'),
	(3864, 'Barra'),
	(3894, 'Cocina'),
	(3894, 'Cocina-Segundos'),
	(3894, 'Barra'),
	(3834, 'Barra'),
	(3904, 'Cocina'),
	(3924, 'Barra'),
	(3934, 'Cocina'),
	(3944, 'Cocina'),
	(3944, 'Cocina-Segundos'),
	(3944, 'Barra'),
	(4014, 'Cocina'),
	(4014, 'Cocina-Segundos'),
	(4014, 'Barra'),
	(3964, 'Barra'),
	(3994, 'Barra'),
	(4024, 'Barra'),
	(4094, 'Cocina'),
	(4104, 'Barra'),
	(4154, 'Cocina'),
	(4134, 'Cocina'),
	(4134, 'Cocina-Segundos'),
	(4134, 'Barra'),
	(4114, 'Barra'),
	(4124, 'Barra'),
	(4144, 'Cocina'),
	(4144, 'Cocina-Segundos'),
	(4144, 'Barra'),
	(4164, 'Barra'),
	(4174, 'Barra'),
	(4184, 'Cocina'),
	(4184, 'Cocina-Segundos'),
	(4184, 'Barra'),
	(4194, 'Cocina'),
	(4194, 'Cocina-Segundos'),
	(4194, 'Barra'),
	(4204, 'Cocina'),
	(4204, 'Cocina-Segundos'),
	(4204, 'Barra'),
	(4214, 'Cocina'),
	(4224, 'Barra'),
	(4354, 'Cocina'),
	(4354, 'Cocina-Segundos'),
	(4354, 'Barra'),
	(4364, 'Cocina'),
	(4364, 'Cocina-Segundos'),
	(4364, 'Barra'),
	(4374, 'Barra'),
	(4394, 'Barra'),
	(4414, 'Cocina'),
	(4414, 'Cocina-Segundos'),
	(4414, 'Barra'),
	(4404, 'Barra'),
	(4424, 'Cocina'),
	(4424, 'Cocina-Segundos'),
	(4424, 'Barra'),
	(4434, 'Cocina'),
	(4434, 'Cocina-Segundos'),
	(4434, 'Barra'),
	(4454, 'Barra'),
	(4444, 'Cocina'),
	(4484, 'Barra'),
	(4494, 'Barra'),
	(4524, 'Cocina'),
	(4524, 'Cocina-Segundos'),
	(4524, 'Barra'),
	(4504, 'Cocina'),
	(4504, 'Cocina-Segundos'),
	(4504, 'Barra'),
	(4554, 'Cocina'),
	(4564, 'Barra'),
	(4584, 'Barra'),
	(4594, 'Cocina'),
	(4624, 'Cocina'),
	(4624, 'Cocina-Segundos'),
	(4624, 'Barra'),
	(4614, 'Barra'),
	(4644, 'Barra'),
	(4654, 'Cocina'),
	(4654, 'Cocina-Segundos'),
	(4654, 'Barra'),
	(4634, 'Barra'),
	(4704, 'Cocina'),
	(4724, 'Barra'),
	(4764, 'Barra'),
	(4734, 'Cocina'),
	(4734, 'Cocina-Segundos'),
	(4734, 'Barra'),
	(4714, 'Barra'),
	(4754, 'Cocina'),
	(4754, 'Cocina-Segundos'),
	(4754, 'Barra'),
	(4834, 'Cocina'),
	(4834, 'Cocina-Segundos'),
	(4834, 'Barra'),
	(4824, 'Barra'),
	(4874, 'Barra'),
	(4894, 'Barra'),
	(4904, 'Cocina'),
	(4904, 'Cocina-Segundos'),
	(4904, 'Barra'),
	(4864, 'Barra'),
	(4884, 'Cocina'),
	(4914, 'Cocina'),
	(4914, 'Cocina-Segundos'),
	(4914, 'Barra'),
	(4924, 'Cocina'),
	(4924, 'Cocina-Segundos'),
	(4924, 'Barra'),
	(4954, 'Barra'),
	(4934, 'Barra'),
	(4944, 'Cocina'),
	(4944, 'Cocina-Segundos'),
	(4944, 'Barra'),
	(4984, 'Cocina'),
	(4974, 'Barra'),
	(5024, 'Cocina'),
	(5024, 'Cocina-Segundos'),
	(5024, 'Barra'),
	(5044, 'Cocina'),
	(5044, 'Cocina-Segundos'),
	(5044, 'Barra'),
	(5014, 'Barra'),
	(5034, 'Barra'),
	(5054, 'Cocina'),
	(5074, 'Barra'),
	(5124, 'Barra'),
	(5114, 'Barra'),
	(5164, 'Cocina'),
	(5154, 'Cocina'),
	(5154, 'Cocina-Segundos'),
	(5154, 'Barra'),
	(5144, 'Barra'),
	(5134, 'Cocina'),
	(5134, 'Cocina-Segundos'),
	(5134, 'Barra'),
	(5274, 'Barra'),
	(5284, 'Barra'),
	(5324, 'Cocina'),
	(5244, 'Barra'),
	(5304, 'Cocina'),
	(5304, 'Cocina-Segundos'),
	(5304, 'Barra'),
	(5314, 'Cocina'),
	(5314, 'Cocina-Segundos'),
	(5314, 'Barra'),
	(5344, 'Barra'),
	(5364, 'Cocina'),
	(5364, 'Cocina-Segundos'),
	(5364, 'Barra'),
	(5354, 'Cocina'),
	(5354, 'Cocina-Segundos'),
	(5354, 'Barra'),
	(5374, 'Barra'),
	(5384, 'Barra'),
	(5404, 'Cocina'),
	(5484, 'Barra'),
	(5494, 'Barra'),
	(5514, 'Cocina'),
	(5504, 'Cocina'),
	(5514, 'Cocina-Segundos'),
	(5504, 'Cocina-Segundos'),
	(5504, 'Barra'),
	(5514, 'Barra'),
	(5524, 'Cocina'),
	(5534, 'Barra'),
	(5644, 'Barra'),
	(5654, 'Cocina'),
	(5654, 'Cocina-Segundos'),
	(5654, 'Barra'),
	(5694, 'Cocina'),
	(5674, 'Cocina'),
	(5694, 'Cocina-Segundos'),
	(5694, 'Barra'),
	(5664, 'Barra'),
	(5684, 'Barra'),
	(5714, 'Barra'),
	(5704, 'Barra'),
	(5734, 'Cocina'),
	(5754, 'Barra'),
	(5724, 'Cocina'),
	(5724, 'Cocina-Segundos'),
	(5724, 'Barra'),
	(5744, 'Cocina'),
	(5744, 'Cocina-Segundos'),
	(5744, 'Barra'),
	(5804, 'Barra'),
	(5794, 'Barra'),
	(5784, 'Cocina'),
	(5784, 'Cocina-Segundos'),
	(5784, 'Barra'),
	(5814, 'Cocina'),
	(5824, 'Cocina'),
	(5824, 'Cocina-Segundos'),
	(5824, 'Barra'),
	(5844, 'Barra'),
	(5884, 'Cocina'),
	(5884, 'Cocina-Segundos'),
	(5884, 'Barra'),
	(5904, 'Cocina'),
	(5894, 'Cocina'),
	(5894, 'Cocina-Segundos'),
	(5894, 'Barra'),
	(5974, 'Barra'),
	(5994, 'Barra'),
	(5914, 'Barra'),
	(6034, 'Cocina'),
	(6034, 'Cocina-Segundos'),
	(6034, 'Barra'),
	(6024, 'Barra'),
	(6044, 'Barra'),
	(6054, 'Cocina'),
	(6054, 'Cocina-Segundos'),
	(6054, 'Barra'),
	(6064, 'Barra'),
	(6084, 'Cocina'),
	(6204, 'Cocina'),
	(6214, 'Barra'),
	(6184, 'Barra'),
	(6234, 'Barra'),
	(6224, 'Cocina'),
	(6224, 'Cocina-Segundos'),
	(6224, 'Barra'),
	(6194, 'Cocina'),
	(6194, 'Cocina-Segundos'),
	(6194, 'Barra'),
	(6364, 'Cocina'),
	(6374, 'Cocina'),
	(6374, 'Cocina-Segundos'),
	(6374, 'Barra'),
	(6424, 'Barra'),
	(6444, 'Barra'),
	(6454, 'Cocina'),
	(6464, 'Barra'),
	(6454, 'Cocina-Segundos'),
	(6454, 'Barra'),
	(6514, 'Barra'),
	(6534, 'Cocina'),
	(6624, 'Cocina'),
	(6624, 'Cocina-Segundos'),
	(6624, 'Barra'),
	(6644, 'Cocina'),
	(6644, 'Cocina-Segundos'),
	(6644, 'Barra'),
	(6654, 'Cocina'),
	(6654, 'Cocina-Segundos'),
	(6654, 'Barra'),
	(6664, 'Cocina'),
	(6664, 'Cocina-Segundos'),
	(6664, 'Barra'),
	(6634, 'Cocina'),
	(6634, 'Cocina-Segundos'),
	(6634, 'Barra'),
	(6674, 'Cocina'),
	(6674, 'Cocina-Segundos'),
	(6674, 'Barra'),
	(6684, 'Cocina'),
	(6684, 'Barra'),
	(2114, 'Cocina-Segundos'),
	(6734, 'Cocina-Segundos'),
	(6784, 'Cocina'),
	(6784, 'Cocina-Segundos'),
	(6784, 'Barra'),
	(6774, 'Cocina'),
	(6774, 'Cocina-Segundos'),
	(6774, 'Barra'),
	(6764, 'Cocina'),
	(6794, 'Cocina-Segundos'),
	(6864, 'Cocina'),
	(6864, 'Cocina-Segundos'),
	(6864, 'Barra'),
	(6814, 'Cocina'),
	(6854, 'Cocina'),
	(6854, 'Cocina-Segundos'),
	(6854, 'Barra'),
	(6844, 'Cocina'),
	(6874, 'Cocina-Segundos'),
	(6904, 'Cocina'),
	(6944, 'Cocina'),
	(6944, 'Cocina-Segundos'),
	(6944, 'Barra'),
	(6914, 'Cocina-Segundos'),
	(6924, 'Cocina'),
	(6964, 'Cocina'),
	(6964, 'Cocina-Segundos'),
	(6964, 'Barra'),
	(7044, 'Cocina'),
	(7044, 'Cocina-Segundos'),
	(7044, 'Barra'),
	(7054, 'Cocina-Segundos'),
	(7064, 'Cocina'),
	(7034, 'Cocina'),
	(7034, 'Cocina-Segundos'),
	(7034, 'Barra'),
	(7114, 'Cocina'),
	(7114, 'Cocina-Segundos'),
	(7114, 'Barra'),
	(7104, 'Cocina'),
	(7104, 'Cocina-Segundos'),
	(7104, 'Barra'),
	(7174, 'Cocina-Segundos'),
	(6364, 'Cocina'),
	(6364, 'Cocina-Segundos'),
	(6364, 'Barra'),
	(6404, 'Cocina-Segundos'),
	(6454, 'Cocina'),
	(6474, 'Cocina'),
	(6474, 'Cocina-Segundos'),
	(6474, 'Barra'),
	(6355, 'Cocina'),
	(6356, 'Cocina'),
	(6367, 'Cocina'),
	(6367, 'Cocina-Segundos'),
	(6367, 'Barra'),
	(6362, 'Cocina-Segundos'),
	(6365, 'Cocina'),
	(6365, 'Cocina-Segundos'),
	(6365, 'Barra'),
	(6374, 'Cocina'),
	(6374, 'Cocina-Segundos'),
	(6374, 'Barra'),
	(6370, 'Cocina'),
	(6373, 'Cocina'),
	(6373, 'Cocina-Segundos'),
	(6373, 'Barra'),
	(6372, 'Cocina-Segundos'),
	(6394, 'Cocina'),
	(6394, 'Cocina-Segundos'),
	(6394, 'Barra'),
	(6388, 'Cocina'),
	(6388, 'Cocina-Segundos'),
	(6388, 'Barra'),
	(6386, 'Cocina'),
	(6386, 'Cocina-Segundos'),
	(6386, 'Barra'),
	(6393, 'Barra'),
	(6387, 'Barra'),
	(6392, 'Barra'),
	(6404, 'Cocina'),
	(6404, 'Cocina-Segundos'),
	(6404, 'Barra'),
	(6395, 'Barra'),
	(6391, 'Cocina'),
	(6391, 'Cocina-Segundos'),
	(6391, 'Barra'),
	(6396, 'Barra'),
	(6406, 'Cocina'),
	(1714, 'Cocina'),
	(1714, 'Cocina-Segundos'),
	(1714, 'Barra'),
	(6409, 'Cocina'),
	(6410, 'Cocina'),
	(6411, 'Cocina'),
	(6412, 'Cocina'),
	(6413, 'Cocina'),
	(6414, 'Cocina'),
	(6415, 'Cocina'),
	(6416, 'Cocina'),
	(6417, 'Cocina'),
	(6419, 'Cocina'),
	(6420, 'Cocina'),
	(6422, 'Barra'),
	(6408, 'Barra'),
	(6423, 'Barra'),
	(6424, 'Barra'),
	(6425, 'Barra'),
	(6426, 'Cocina'),
	(6427, 'Cocina'),
	(6428, 'Cocina'),
	(6429, 'Cocina'),
	(6430, 'Cocina'),
	(6431, 'Barra'),
	(6432, 'Barra'),
	(6433, 'Barra'),
	(6434, 'Cocina'),
	(6435, 'Cocina'),
	(6436, 'Cocina'),
	(6438, 'Barra'),
	(6439, 'Cocina'),
	(6440, 'Cocina'),
	(6441, 'Barra'),
	(6442, 'Cocina'),
	(6443, 'Cocina-Segundos'),
	(6444, 'Cocina'),
	(6445, 'Barra'),
	(6446, 'Cocina'),
	(6447, 'Cocina'),
	(6448, 'Barra');
/*!40000 ALTER TABLE `impresoraconfig` ENABLE KEYS */;


-- Volcando estructura para tabla ambrosia.impresoras
CREATE TABLE IF NOT EXISTS `impresoras` (
  `ImpresoraId` int(11) NOT NULL AUTO_INCREMENT,
  `NombreImpresora` varchar(30) NOT NULL,
  `CompanyId` int(11) NOT NULL,
  PRIMARY KEY (`ImpresoraId`)
) ENGINE=InnoDB AUTO_INCREMENT=376 DEFAULT CHARSET=utf8;

-- Volcando datos para la tabla ambrosia.impresoras: ~23 rows (aproximadamente)
/*!40000 ALTER TABLE `impresoras` DISABLE KEYS */;
INSERT INTO `impresoras` (`ImpresoraId`, `NombreImpresora`, `CompanyId`) VALUES
	(74, 'Cocina-Entrantes', 14),
	(94, 'Cocina-Primeros', 14),
	(124, 'Cocina-Segundos', 14),
	(134, 'Cocina-Postres', 14),
	(144, 'Barra-Bebida', 14),
	(154, 'Barra-Comida', 14),
	(164, 'Caja-Barra', 14),
	(174, 'Caja', 24),
	(184, 'Barra', 24),
	(194, 'Caja', 34),
	(234, 'Barra', 34),
	(244, 'Cocina', 34),
	(274, 'Cocina', 4),
	(284, 'Cocina-Segundos', 4),
	(304, 'Barra', 4),
	(314, 'Barra', 104),
	(324, 'Cocina', 104),
	(334, 'Caja', 104),
	(344, 'Test', 104),
	(354, 'Test2', 104),
	(364, 'Test3', 104),
	(374, 'Test4', 104),
	(375, 'Caja', 4);
/*!40000 ALTER TABLE `impresoras` ENABLE KEYS */;


-- Volcando estructura para tabla ambrosia.login
CREATE TABLE IF NOT EXISTS `login` (
  `CompanyId` smallint(5) unsigned NOT NULL AUTO_INCREMENT,
  `User` varchar(20) NOT NULL,
  `Pass` varchar(20) NOT NULL,
  `Email` varchar(50) NOT NULL,
  `NombreComercial` varchar(50) NOT NULL,
  `NombreFiscal` varchar(50) NOT NULL,
  `Direccion` varchar(50) NOT NULL,
  `CodigoPostal` varchar(5) NOT NULL,
  `Ciudad` varchar(30) NOT NULL,
  `NIF` varchar(10) NOT NULL,
  `Telefono` varchar(15) NOT NULL,
  PRIMARY KEY (`CompanyId`)
) ENGINE=InnoDB AUTO_INCREMENT=105 DEFAULT CHARSET=utf8;

-- Volcando datos para la tabla ambrosia.login: ~11 rows (aproximadamente)
/*!40000 ALTER TABLE `login` DISABLE KEYS */;
INSERT INTO `login` (`CompanyId`, `User`, `Pass`, `Email`, `NombreComercial`, `NombreFiscal`, `Direccion`, `CodigoPostal`, `Ciudad`, `NIF`, `Telefono`) VALUES
	(4, 'Caspi', '1234', 'alonso_caspi@hotmail.com', 'Restaurante Los Pescadores 2', 'Bahia S.L.', 'Playa del Bajondillo 24', '12345', 'Torrremolinos', '12123123-X', '952445566'),
	(14, 'Sofia2', '1234', 'sofiadominguezbelmonte@gmail.com', 'Heladeria Dolche Gusto', 'Mirar S.A.', 'C/ San Juan 25', '12345', 'La Higuera', '1234567-L', '123123123'),
	(24, 'CaspiAutentico', '12345678', 'alonso.caspi@gmail.com', 'Taperia La Esquinita', 'GestaSur S.L.', 'C/ Estepona 22', '29555', 'Marbella', '27333444-L', ''),
	(34, 'Caspi2', '12345', 'alonso_caspi2@hotmail.com', '', '', '', '', '', '', ''),
	(44, 'tamisa', '1234A', 'correoapolosoft@hotmail.com', '', '', '', '', '', '', ''),
	(54, 'Test', '12345', 'apolosoft@telefonica.net', '', '', '', '', '', '', ''),
	(64, 'test1', 'test', 'apolosoft@telefonica.com', '', '', '', '', '', '', ''),
	(74, 'w', 'w', 'alonso@gmail.com', '', '', '', '', '', '', ''),
	(84, 'Yo', '1234', 'alonso@gmail.com', '', '', '', '', '', '', ''),
	(94, 'CaspiYo', '1234', 'alonso@gmail.com', '', '', '', '', '', '', ''),
	(104, 'SinImpresoras', '1234', 'alonso.caspi@gmail.com', '', '', '', '', '', '', '');
/*!40000 ALTER TABLE `login` ENABLE KEYS */;


-- Volcando estructura para tabla ambrosia.terminalconfig
CREATE TABLE IF NOT EXISTS `terminalconfig` (
  `ElementoId` int(11) NOT NULL,
  `NombreTerminal` varchar(30) NOT NULL
) ENGINE=InnoDB DEFAULT CHARSET=utf8;

-- Volcando datos para la tabla ambrosia.terminalconfig: ~649 rows (aproximadamente)
/*!40000 ALTER TABLE `terminalconfig` DISABLE KEYS */;
INSERT INTO `terminalconfig` (`ElementoId`, `NombreTerminal`) VALUES
	(224, 'Caja'),
	(224, 'Barra'),
	(224, 'Cocina'),
	(234, 'Caja'),
	(244, 'Caja'),
	(254, 'Caja'),
	(274, 'Cocina'),
	(274, 'Barra'),
	(274, 'Caja'),
	(284, 'Barra'),
	(284, 'Caja'),
	(294, 'Caja'),
	(294, 'Barra'),
	(294, 'Cocina'),
	(304, 'Caja'),
	(314, 'Caja'),
	(314, 'Cocina'),
	(314, 'Barra'),
	(324, 'Caja'),
	(324, 'Barra'),
	(334, 'Caja'),
	(344, 'Cocina'),
	(354, 'Cocina'),
	(384, 'Caja'),
	(394, 'Caja'),
	(424, 'Caja'),
	(434, 'Caja'),
	(444, 'Barra'),
	(444, 'Caja'),
	(444, 'Cocina'),
	(464, 'Caja'),
	(474, 'Caja'),
	(484, 'Caja'),
	(494, 'Caja'),
	(514, 'Caja'),
	(504, 'Barra'),
	(504, 'Caja'),
	(514, 'Barra'),
	(534, 'Barra'),
	(534, 'Caja'),
	(534, 'Cocina'),
	(544, 'Caja'),
	(554, 'Caja'),
	(564, 'Barra'),
	(564, 'Caja'),
	(574, 'Barra'),
	(574, 'Caja'),
	(594, 'Caja'),
	(584, 'Barra'),
	(604, 'Caja'),
	(614, 'Caja'),
	(614, 'Cocina'),
	(614, 'Barra'),
	(604, 'Cocina'),
	(604, 'Barra'),
	(624, 'Barra'),
	(624, 'Caja'),
	(634, 'Caja'),
	(634, 'Barra'),
	(644, 'Caja'),
	(654, 'Caja'),
	(664, 'Caja'),
	(674, 'Caja'),
	(704, 'Caja'),
	(704, 'Cocina'),
	(704, 'Barra'),
	(714, 'Caja'),
	(724, 'Caja'),
	(744, 'Caja'),
	(744, 'Cocina'),
	(744, 'Barra'),
	(754, 'Caja'),
	(754, 'Cocina'),
	(754, 'Barra'),
	(764, 'Caja'),
	(764, 'Barra'),
	(764, 'Cocina'),
	(774, 'Cocina'),
	(774, 'Barra'),
	(774, 'Caja'),
	(794, 'Cocina-Primeros'),
	(794, 'Cocina-Segundos'),
	(794, 'Cocina-Postres'),
	(794, 'Caja'),
	(794, 'Barra'),
	(794, 'Cocina'),
	(784, 'Cocina-Primeros'),
	(784, 'Cocina-Segundos'),
	(784, 'Cocina-Postres'),
	(784, 'Caja'),
	(784, 'Barra'),
	(784, 'Cocina'),
	(804, 'Cocina-Primeros'),
	(804, 'Cocina-Segundos'),
	(814, 'Cocina-Primeros'),
	(804, 'Cocina-Postres'),
	(814, 'Cocina-Segundos'),
	(804, 'Caja'),
	(814, 'Cocina-Postres'),
	(814, 'Caja'),
	(804, 'Barra'),
	(814, 'Barra'),
	(804, 'Cocina'),
	(814, 'Cocina'),
	(844, 'Cocina-Primeros'),
	(844, 'Caja'),
	(884, 'Cocina-Primeros'),
	(884, 'Caja'),
	(874, 'Cocina-Primeros'),
	(874, 'Caja'),
	(1154, 'Barra'),
	(1164, 'Barra'),
	(1174, 'Cocina'),
	(1174, 'Barra'),
	(1174, 'Caja'),
	(1254, 'Cocina'),
	(1214, 'Caja'),
	(1294, 'Cocina'),
	(1304, 'Cocina'),
	(1314, 'Cocina'),
	(1324, 'Cocina'),
	(1334, 'Cocina'),
	(1344, 'Cocina'),
	(1354, 'Cocina'),
	(1384, 'Cocina'),
	(1404, 'Cocina'),
	(1414, 'Cocina'),
	(1424, 'Caja'),
	(1424, 'Cocina'),
	(1364, 'Cocina'),
	(1434, 'Cocina'),
	(1444, 'Cocina'),
	(1454, 'Cocina'),
	(1494, 'Cocina'),
	(1504, 'Cocina'),
	(1514, 'Cocina'),
	(1584, 'Caja'),
	(1584, 'Barra'),
	(1584, 'Cocina'),
	(1634, 'Caja'),
	(1634, 'Barra'),
	(1634, 'Cocina'),
	(1644, 'Caja'),
	(1644, 'Barra'),
	(1644, 'Cocina'),
	(34, 'Caja'),
	(34, 'Barra'),
	(34, 'Cocina'),
	(34, 'Caja2'),
	(1694, 'Cocina'),
	(1694, 'Caja2'),
	(1684, 'Cocina'),
	(1684, 'Caja2'),
	(1704, 'Cocina'),
	(1464, 'Caja'),
	(1464, 'Barra'),
	(1464, 'Cocina'),
	(1464, 'Caja2'),
	(1734, 'Caja'),
	(1734, 'Barra'),
	(1734, 'Cocina'),
	(1734, 'Caja2'),
	(1474, 'Caja'),
	(1474, 'Barra'),
	(1474, 'Cocina'),
	(1474, 'Caja2'),
	(1754, 'Caja'),
	(1754, 'Barra'),
	(1754, 'Cocina'),
	(1754, 'Caja2'),
	(1764, 'Caja'),
	(1764, 'Barra'),
	(1764, 'Cocina'),
	(1764, 'Caja2'),
	(1804, 'Caja'),
	(1804, 'Barra'),
	(1804, 'Cocina'),
	(1804, 'Caja2'),
	(1814, 'Cocina'),
	(1864, 'Caja'),
	(1834, 'Caja'),
	(1834, 'Barra'),
	(1834, 'Cocina'),
	(1834, 'Caja2'),
	(1884, 'Cocina-Primeros'),
	(1884, 'Cocina-Segundos'),
	(1884, 'Cocina-Postres'),
	(1884, 'Caja'),
	(1884, 'Barra'),
	(1884, 'Cocina'),
	(1794, 'Barra'),
	(1874, 'Caja'),
	(1874, 'Barra'),
	(1874, 'Cocina'),
	(1874, 'Caja2'),
	(1894, 'Caja'),
	(1894, 'Barra'),
	(1894, 'Cocina'),
	(1894, 'Caja2'),
	(1904, 'Caja'),
	(1904, 'Barra'),
	(1904, 'Cocina'),
	(1904, 'Caja2'),
	(1914, 'Caja'),
	(1914, 'Barra'),
	(1914, 'Cocina'),
	(1914, 'Caja2'),
	(1924, 'Caja'),
	(1924, 'Barra'),
	(1924, 'Cocina'),
	(1924, 'Caja2'),
	(1974, 'Cocina'),
	(1984, 'Caja'),
	(1994, 'Cocina'),
	(2004, 'Barra'),
	(2014, 'Caja'),
	(2034, 'Cocina'),
	(2044, 'Barra'),
	(2054, 'Caja'),
	(2064, 'Barra'),
	(2094, 'Barra'),
	(2104, 'Caja'),
	(2104, 'Barra'),
	(2104, 'Cocina'),
	(2104, 'Caja2'),
	(1844, 'Cocina'),
	(2124, 'Caja'),
	(2124, 'Barra'),
	(2124, 'Cocina'),
	(2124, 'Caja2'),
	(2234, 'Barra'),
	(2244, 'Cocina'),
	(2304, 'Caja'),
	(2304, 'Barra'),
	(2304, 'Cocina'),
	(2304, 'Caja2'),
	(2314, 'Caja'),
	(2314, 'Barra'),
	(2314, 'Cocina'),
	(2314, 'Caja2'),
	(2354, 'Cocina-Primeros'),
	(2354, 'Cocina-Segundos'),
	(2354, 'Cocina-Postres'),
	(2354, 'Caja'),
	(2354, 'Barra'),
	(2354, 'Cocina'),
	(2374, 'Caja'),
	(2374, 'Barra'),
	(2374, 'Cocina'),
	(2374, 'Caja2'),
	(2364, 'Cocina-Primeros'),
	(2364, 'Cocina-Segundos'),
	(2364, 'Cocina-Postres'),
	(2364, 'Caja'),
	(2364, 'Barra'),
	(2364, 'Cocina'),
	(2424, 'Caja'),
	(2424, 'Barra'),
	(2424, 'Cocina'),
	(2424, 'Caja2'),
	(2464, 'Cocina-Primeros'),
	(2464, 'Cocina-Segundos'),
	(2464, 'Cocina-Postres'),
	(2464, 'Caja'),
	(2464, 'Barra'),
	(2464, 'Cocina'),
	(2494, 'Cocina'),
	(2514, 'Barra'),
	(2524, 'Caja'),
	(2524, 'Barra'),
	(2524, 'Cocina'),
	(2524, 'Caja2'),
	(2564, 'Cocina'),
	(2534, 'Caja'),
	(2534, 'Barra'),
	(2534, 'Cocina'),
	(2534, 'Caja2'),
	(2594, 'Caja'),
	(2594, 'Barra'),
	(2594, 'Cocina'),
	(2604, 'Caja'),
	(2594, 'Caja2'),
	(2604, 'Barra'),
	(2604, 'Cocina'),
	(2604, 'Caja2'),
	(2644, 'Cocina'),
	(2614, 'Barra'),
	(2674, 'Caja'),
	(2674, 'Barra'),
	(2674, 'Cocina'),
	(2674, 'Caja2'),
	(2714, 'Cocina'),
	(2684, 'Caja'),
	(2684, 'Barra'),
	(2684, 'Cocina'),
	(2684, 'Caja2'),
	(2694, 'Barra'),
	(2814, 'Barra'),
	(2794, 'Caja'),
	(2794, 'Barra'),
	(2794, 'Cocina'),
	(2794, 'Caja2'),
	(2774, 'Caja'),
	(2774, 'Barra'),
	(2774, 'Cocina'),
	(2774, 'Caja2'),
	(2804, 'Cocina'),
	(2954, 'Caja'),
	(2954, 'Barra'),
	(2954, 'Cocina'),
	(2954, 'Caja2'),
	(2974, 'Cocina'),
	(2934, 'Barra'),
	(2964, 'Caja'),
	(2964, 'Barra'),
	(2964, 'Cocina'),
	(2964, 'Caja2'),
	(3144, 'Barra'),
	(3174, 'Caja'),
	(3174, 'Barra'),
	(3174, 'Cocina'),
	(3174, 'Caja2'),
	(3304, 'Cocina'),
	(3184, 'Caja'),
	(3184, 'Barra'),
	(3184, 'Cocina'),
	(3184, 'Caja2'),
	(3334, 'Barra'),
	(3354, 'Caja'),
	(3354, 'Barra'),
	(3354, 'Cocina'),
	(3354, 'Caja2'),
	(3364, 'Caja'),
	(3364, 'Barra'),
	(3364, 'Cocina'),
	(3364, 'Caja2'),
	(3374, 'Cocina'),
	(3494, 'Barra'),
	(3514, 'Caja'),
	(3514, 'Barra'),
	(3514, 'Cocina'),
	(3514, 'Caja2'),
	(3524, 'Caja'),
	(3524, 'Barra'),
	(3524, 'Cocina'),
	(3524, 'Caja2'),
	(3534, 'Caja'),
	(3534, 'Barra'),
	(3534, 'Cocina'),
	(3534, 'Caja2'),
	(3544, 'Cocina'),
	(3734, 'Caja'),
	(3734, 'Barra'),
	(3734, 'Cocina'),
	(3734, 'Caja2'),
	(3764, 'Barra'),
	(3774, 'Caja'),
	(3774, 'Barra'),
	(3774, 'Cocina'),
	(3774, 'Caja2'),
	(3784, 'Cocina'),
	(3804, 'Caja'),
	(3804, 'Barra'),
	(3804, 'Cocina'),
	(3804, 'Caja2'),
	(3864, 'Caja'),
	(3864, 'Barra'),
	(3864, 'Cocina'),
	(3864, 'Caja2'),
	(3894, 'Caja'),
	(3894, 'Barra'),
	(3894, 'Cocina'),
	(3894, 'Caja2'),
	(3844, 'Barra'),
	(3904, 'Cocina'),
	(3944, 'Caja'),
	(3944, 'Barra'),
	(3944, 'Cocina'),
	(3944, 'Caja2'),
	(4014, 'Caja'),
	(4014, 'Barra'),
	(4014, 'Cocina'),
	(4014, 'Caja2'),
	(3934, 'Cocina'),
	(3964, 'Barra'),
	(4094, 'Cocina'),
	(4114, 'Barra'),
	(4134, 'Caja'),
	(4134, 'Barra'),
	(4134, 'Cocina'),
	(4134, 'Caja2'),
	(4154, 'Cocina'),
	(4144, 'Caja'),
	(4144, 'Barra'),
	(4144, 'Cocina'),
	(4144, 'Caja2'),
	(4164, 'Barra'),
	(4184, 'Caja'),
	(4184, 'Barra'),
	(4184, 'Cocina'),
	(4184, 'Caja2'),
	(4194, 'Caja'),
	(4194, 'Barra'),
	(4194, 'Cocina'),
	(4194, 'Caja2'),
	(4204, 'Caja'),
	(4204, 'Barra'),
	(4204, 'Cocina'),
	(4204, 'Caja2'),
	(4214, 'Cocina'),
	(4354, 'Caja'),
	(4354, 'Barra'),
	(4354, 'Cocina'),
	(4354, 'Caja2'),
	(4364, 'Caja'),
	(4364, 'Barra'),
	(4364, 'Cocina'),
	(4364, 'Caja2'),
	(4394, 'Barra'),
	(4414, 'Caja'),
	(4414, 'Barra'),
	(4414, 'Cocina'),
	(4414, 'Caja2'),
	(4424, 'Caja'),
	(4424, 'Barra'),
	(4424, 'Cocina'),
	(4424, 'Caja2'),
	(4434, 'Caja'),
	(4434, 'Barra'),
	(4434, 'Cocina'),
	(4434, 'Caja2'),
	(4444, 'Cocina'),
	(4484, 'Barra'),
	(4524, 'Caja'),
	(4524, 'Barra'),
	(4524, 'Cocina'),
	(4524, 'Caja2'),
	(4554, 'Cocina'),
	(4504, 'Caja'),
	(4504, 'Barra'),
	(4504, 'Cocina'),
	(4504, 'Caja2'),
	(4594, 'Cocina'),
	(4584, 'Barra'),
	(4624, 'Caja'),
	(4624, 'Barra'),
	(4624, 'Cocina'),
	(4624, 'Caja2'),
	(4654, 'Caja'),
	(4654, 'Barra'),
	(4654, 'Cocina'),
	(4654, 'Caja2'),
	(4734, 'Caja'),
	(4734, 'Barra'),
	(4734, 'Cocina'),
	(4734, 'Caja2'),
	(4704, 'Cocina'),
	(4714, 'Barra'),
	(4754, 'Caja'),
	(4754, 'Barra'),
	(4754, 'Cocina'),
	(4754, 'Caja2'),
	(4914, 'Caja'),
	(4914, 'Barra'),
	(4914, 'Cocina'),
	(4914, 'Caja2'),
	(4874, 'Barra'),
	(4904, 'Caja'),
	(4904, 'Barra'),
	(4904, 'Cocina'),
	(4904, 'Caja2'),
	(4884, 'Cocina'),
	(4924, 'Caja'),
	(4924, 'Barra'),
	(4924, 'Cocina'),
	(4924, 'Caja2'),
	(4954, 'Barra'),
	(4984, 'Cocina'),
	(4944, 'Caja'),
	(4944, 'Barra'),
	(4944, 'Cocina'),
	(4944, 'Caja2'),
	(5044, 'Caja'),
	(5044, 'Barra'),
	(5044, 'Cocina'),
	(5044, 'Caja2'),
	(5024, 'Caja'),
	(5024, 'Barra'),
	(5024, 'Cocina'),
	(5024, 'Caja2'),
	(5014, 'Barra'),
	(5054, 'Cocina'),
	(5154, 'Caja'),
	(5154, 'Barra'),
	(5154, 'Cocina'),
	(5154, 'Caja2'),
	(5164, 'Cocina'),
	(5134, 'Caja'),
	(5114, 'Barra'),
	(5134, 'Barra'),
	(5134, 'Cocina'),
	(5134, 'Caja2'),
	(5274, 'Barra'),
	(5304, 'Caja'),
	(5304, 'Barra'),
	(5304, 'Cocina'),
	(5304, 'Caja2'),
	(5324, 'Cocina'),
	(5314, 'Caja'),
	(5314, 'Barra'),
	(5314, 'Cocina'),
	(5314, 'Caja2'),
	(5344, 'Barra'),
	(5404, 'Cocina'),
	(5354, 'Caja'),
	(5364, 'Caja'),
	(5354, 'Barra'),
	(5354, 'Cocina'),
	(5354, 'Caja2'),
	(5364, 'Barra'),
	(5364, 'Cocina'),
	(5364, 'Caja2'),
	(5484, 'Barra'),
	(5504, 'Caja'),
	(5504, 'Barra'),
	(5504, 'Cocina'),
	(5504, 'Caja2'),
	(5524, 'Cocina'),
	(5514, 'Caja'),
	(5514, 'Barra'),
	(5514, 'Cocina'),
	(5514, 'Caja2'),
	(5694, 'Caja'),
	(5694, 'Barra'),
	(5694, 'Cocina'),
	(5694, 'Caja2'),
	(5644, 'Barra'),
	(5654, 'Caja'),
	(5654, 'Barra'),
	(5654, 'Cocina'),
	(5654, 'Caja2'),
	(5674, 'Cocina'),
	(5714, 'Barra'),
	(5744, 'Caja'),
	(5724, 'Caja'),
	(5744, 'Barra'),
	(5724, 'Barra'),
	(5744, 'Cocina'),
	(5724, 'Cocina'),
	(5744, 'Caja2'),
	(5724, 'Caja2'),
	(5734, 'Cocina'),
	(5824, 'Caja'),
	(5794, 'Barra'),
	(5824, 'Barra'),
	(5824, 'Cocina'),
	(5824, 'Caja2'),
	(5814, 'Cocina'),
	(5784, 'Caja'),
	(5784, 'Barra'),
	(5784, 'Cocina'),
	(5784, 'Caja2'),
	(5884, 'Caja'),
	(5884, 'Barra'),
	(5884, 'Cocina'),
	(5884, 'Caja2'),
	(5904, 'Cocina'),
	(5894, 'Caja'),
	(5894, 'Barra'),
	(5894, 'Cocina'),
	(5894, 'Caja2'),
	(5974, 'Barra'),
	(6084, 'Cocina'),
	(6024, 'Barra'),
	(6034, 'Caja'),
	(6034, 'Barra'),
	(6034, 'Cocina'),
	(6034, 'Caja2'),
	(6054, 'Caja'),
	(6054, 'Barra'),
	(6054, 'Cocina'),
	(6054, 'Caja2'),
	(6184, 'Barra'),
	(6204, 'Cocina'),
	(6194, 'Caja'),
	(6194, 'Barra'),
	(6194, 'Cocina'),
	(6194, 'Caja2'),
	(6224, 'Caja'),
	(6224, 'Barra'),
	(6224, 'Cocina'),
	(6224, 'Caja2'),
	(6424, 'Barra'),
	(6364, 'Cocina'),
	(6374, 'Caja'),
	(6374, 'Barra'),
	(6374, 'Cocina'),
	(6374, 'Caja2'),
	(6454, 'Caja'),
	(6454, 'Barra'),
	(6454, 'Cocina'),
	(6454, 'Caja2'),
	(6534, 'Cocina'),
	(6624, 'Caja'),
	(6624, 'Barra'),
	(6624, 'Cocina'),
	(6624, 'Caja2'),
	(6644, 'Caja'),
	(6644, 'Barra'),
	(6644, 'Cocina'),
	(6644, 'Caja2'),
	(6654, 'Caja'),
	(6654, 'Barra'),
	(6654, 'Cocina'),
	(6654, 'Caja2'),
	(6664, 'Caja'),
	(6664, 'Barra'),
	(6664, 'Cocina'),
	(6664, 'Caja2'),
	(6634, 'Caja'),
	(6634, 'Barra'),
	(6634, 'Cocina'),
	(6634, 'Caja2'),
	(6674, 'Caja'),
	(6674, 'Barra'),
	(6674, 'Cocina'),
	(6684, 'Caja'),
	(6684, 'Caja2'),
	(1724, 'Caja2'),
	(6714, 'Caja2'),
	(6704, 'Cocina'),
	(6704, 'Caja2'),
	(2114, 'Cocina'),
	(6734, 'Cocina'),
	(6724, 'Caja'),
	(6724, 'Barra'),
	(6724, 'Cocina'),
	(6724, 'Caja2'),
	(6784, 'Caja'),
	(6784, 'Barra'),
	(6784, 'Cocina'),
	(6784, 'Caja2'),
	(6794, 'Cocina'),
	(6774, 'Caja'),
	(6774, 'Barra'),
	(6774, 'Cocina'),
	(6774, 'Caja2'),
	(6754, 'Caja2'),
	(2164, 'Cocina'),
	(6804, 'Cocina'),
	(6844, 'Caja'),
	(6854, 'Caja'),
	(6854, 'Barra'),
	(6854, 'Cocina'),
	(6854, 'Caja2'),
	(6814, 'Caja'),
	(6834, 'Caja2'),
	(6864, 'Caja'),
	(6864, 'Barra'),
	(6864, 'Cocina'),
	(6864, 'Caja2'),
	(6874, 'Cocina'),
	(6904, 'Caja'),
	(6964, 'Caja'),
	(6944, 'Caja'),
	(6964, 'Barra'),
	(6944, 'Barra'),
	(6964, 'Cocina'),
	(6944, 'Cocina'),
	(6964, 'Caja2'),
	(6944, 'Caja2'),
	(6894, 'Caja2'),
	(6924, 'Caja'),
	(6914, 'Cocina'),
	(6974, 'Cocina'),
	(7054, 'Cocina'),
	(7044, 'Caja'),
	(7044, 'Barra'),
	(7044, 'Cocina'),
	(7044, 'Caja2'),
	(7024, 'Cocina'),
	(7034, 'Caja'),
	(7034, 'Barra'),
	(7034, 'Cocina'),
	(7034, 'Caja2'),
	(7064, 'Caja'),
	(7074, 'Caja2'),
	(7104, 'Caja'),
	(7104, 'Barra'),
	(7104, 'Cocina'),
	(7104, 'Caja2'),
	(7174, 'Cocina'),
	(6364, 'Caja'),
	(6364, 'Barra'),
	(6364, 'Cocina'),
	(6364, 'Caja2'),
	(6404, 'Cocina'),
	(6454, 'Caja'),
	(6474, 'Caja'),
	(6474, 'Barra'),
	(6474, 'Cocina'),
	(6474, 'Caja2'),
	(6374, 'Cocina'),
	(6464, 'Caja2'),
	(6355, 'Caja'),
	(6356, 'Caja'),
	(6362, 'Cocina'),
	(6357, 'Caja2'),
	(6367, 'Caja'),
	(6367, 'Barra'),
	(6367, 'Cocina'),
	(6367, 'Caja2'),
	(6365, 'Caja'),
	(6365, 'Barra'),
	(6365, 'Cocina'),
	(6365, 'Caja2'),
	(6359, 'Cocina'),
	(6374, 'Caja'),
	(6374, 'Barra'),
	(6374, 'Cocina'),
	(6374, 'Caja2'),
	(6370, 'Caja'),
	(6373, 'Caja'),
	(6373, 'Barra'),
	(6373, 'Cocina'),
	(6373, 'Caja2'),
	(6372, 'Cocina'),
	(6371, 'Caja2'),
	(6375, 'Cocina'),
	(6394, 'Caja'),
	(6394, 'Barra'),
	(6394, 'Cocina'),
	(6394, 'Caja2'),
	(6386, 'Caja'),
	(6386, 'Barra'),
	(6386, 'Cocina'),
	(6386, 'Caja2'),
	(6393, 'Barra'),
	(6391, 'Caja'),
	(6391, 'Barra'),
	(6391, 'Cocina'),
	(6391, 'Caja2'),
	(6404, 'Caja'),
	(6404, 'Barra'),
	(6404, 'Cocina'),
	(6404, 'Caja2'),
	(6388, 'Caja'),
	(6388, 'Barra'),
	(6388, 'Cocina'),
	(6388, 'Caja2'),
	(6406, 'Cocina'),
	(1714, 'Caja'),
	(1714, 'Barra'),
	(1714, 'Cocina'),
	(1714, 'Caja2'),
	(6409, 'Cocina'),
	(6410, 'Cocina'),
	(6411, 'Cocina'),
	(6412, 'Cocina'),
	(6413, 'Cocina'),
	(6414, 'Cocina'),
	(6415, 'Cocina'),
	(6416, 'Cocina'),
	(6417, 'Cocina'),
	(6419, 'Cocina'),
	(6420, 'Cocina'),
	(6422, 'Barra'),
	(6408, 'Barra'),
	(6423, 'Barra'),
	(6424, 'Barra'),
	(6425, 'Barra'),
	(6426, 'Cocina'),
	(6427, 'Cocina'),
	(6428, 'Cocina'),
	(6429, 'Cocina'),
	(6430, 'Cocina'),
	(6431, 'Barra'),
	(6432, 'Barra'),
	(6433, 'Barra'),
	(6434, 'Cocina'),
	(6435, 'Cocina'),
	(6436, 'Cocina'),
	(6438, 'Barra'),
	(6439, 'Cocina'),
	(6440, 'Cocina'),
	(6441, 'Barra'),
	(6442, 'Cocina'),
	(6443, 'Cocina'),
	(6444, 'Cocina'),
	(6445, 'Barra'),
	(6446, 'Cocina'),
	(6447, 'Cocina'),
	(6448, 'Barra');
/*!40000 ALTER TABLE `terminalconfig` ENABLE KEYS */;


-- Volcando estructura para tabla ambrosia.terminales
CREATE TABLE IF NOT EXISTS `terminales` (
  `TerminalId` int(11) NOT NULL AUTO_INCREMENT,
  `NombreTerminal` varchar(30) NOT NULL,
  `CompanyId` int(11) NOT NULL,
  PRIMARY KEY (`TerminalId`)
) ENGINE=InnoDB AUTO_INCREMENT=215 DEFAULT CHARSET=utf8;

-- Volcando datos para la tabla ambrosia.terminales: ~10 rows (aproximadamente)
/*!40000 ALTER TABLE `terminales` DISABLE KEYS */;
INSERT INTO `terminales` (`TerminalId`, `NombreTerminal`, `CompanyId`) VALUES
	(74, 'Terminal-Barra', 34),
	(84, 'Terminal-Caja', 34),
	(94, 'Terminal-Cocina', 34),
	(154, 'Caja', 4),
	(164, 'Barra', 4),
	(174, 'Cocina', 4),
	(184, 'Caja2', 4),
	(194, 'Cocina', 104),
	(204, 'Barra', 104),
	(214, 'Caja', 104);
/*!40000 ALTER TABLE `terminales` ENABLE KEYS */;
/*!40101 SET SQL_MODE=IFNULL(@OLD_SQL_MODE, '') */;
/*!40014 SET FOREIGN_KEY_CHECKS=IF(@OLD_FOREIGN_KEY_CHECKS IS NULL, 1, @OLD_FOREIGN_KEY_CHECKS) */;
/*!40101 SET CHARACTER_SET_CLIENT=@OLD_CHARACTER_SET_CLIENT */;
